Tags,Platform,Avatar,Profile Name,Profile Url,Location,Followers Count,Category,Description,Email,3 Latest Videos Url,3 Latest Videos Title,3 Latest videos image
instagram name,Instagram,,,https://www.instagram.com/accounts/login/?next=https%3A%2F%2Fwww.instagram.com%2FRank%2F,Category_2,0 Flollower,0 Like,,N/A,[],[],[],[]
Leo Messi,Instagram,,,https://www.instagram.com/1/,Family,0 Flollower,0 Like,,N/A,[],[],[],[]
Cristiano Ronaldo,Instagram,,,https://www.instagram.com/2/,,0 Flollower,0 Like,,N/A,[],[],[],[]
NJ üáßüá∑,Instagram,,,https://www.instagram.com/3/,,0 Flollower,0 Like,,N/A,[],[],[],[]
Kylie ü§ç,Instagram,,,https://www.instagram.com/4/,Modeling,0 Flollower,0 Like,,N/A,[],[],[],[]
Kendall,Instagram,,,https://www.instagram.com/5/,Fashion,0 Flollower,0 Like,,N/A,[],[],[],[]
Ariana Grande,Instagram,,,https://www.instagram.com/6/,,0 Flollower,0 Like,,N/A,[],[],[],[]
Selena Gomez,Instagram,,,https://www.instagram.com/7/,Music,0 Flollower,0 Like,,N/A,[],[],[],[]
Kim Kardashian,Instagram,,,https://www.instagram.com/8/,Beauty,0 Flollower,0 Like,,N/A,[],[],[],[]
Kylian MbappeÃÅ,Instagram,,,https://www.instagram.com/9/,,0 Flollower,0 Like,,N/A,[],[],[],[]
Taylor Swift,Instagram,,,https://www.instagram.com/accounts/login/?next=https%3A%2F%2Fwww.instagram.com%2F10%2F,,0 Flollower,0 Like,,N/A,[],[],[],[]
V,Instagram,,,https://www.instagram.com/accounts/login/?next=https%3A%2F%2Fwww.instagram.com%2F11%2F,,0 Flollower,0 Like,,N/A,[],[],[],[]
Virat Kohli,Instagram,,,https://www.instagram.com/accounts/login/?next=https%3A%2F%2Fwww.instagram.com%2F12%2F,,0 Flollower,0 Like,,N/A,[],[],[],[]
LISA,Instagram,,,https://www.instagram.com/accounts/login/?next=https%3A%2F%2Fwww.instagram.com%2F13%2F,,0 Flollower,0 Like,,N/A,[],[],[],[]
Kourtney Kardashian Barker,Instagram,,,https://www.instagram.com/accounts/login/?next=https%3A%2F%2Fwww.instagram.com%2F14%2F,,0 Flollower,0 Like,,N/A,[],[],[],[]
BILLIE EILISH,Instagram,,,https://www.instagram.com/accounts/login/?next=https%3A%2F%2Fwww.instagram.com%2F15%2F,,0 Flollower,0 Like,,N/A,[],[],[],[]
SUGA of BTS ÎØºÏú§Í∏∞,Instagram,,,https://www.instagram.com/accounts/login/?next=https%3A%2F%2Fwww.instagram.com%2F16%2F,Music,0 Flollower,0 Like,,N/A,[],[],[],[]
Justin Bieber,Instagram,,,https://www.instagram.com/accounts/login/?next=https%3A%2F%2Fwww.instagram.com%2F17%2F,,0 Flollower,0 Like,,N/A,[],[],[],[]
J,Instagram,,,https://www.instagram.com/accounts/login/?next=https%3A%2F%2Fwww.instagram.com%2F18%2F,,0 Flollower,0 Like,,N/A,[],[],[],[]
Dwayne Johnson,Instagram,,,https://www.instagram.com/accounts/login/?next=https%3A%2F%2Fwww.instagram.com%2F19%2F,Art/Artists,0 Flollower,0 Like,,N/A,[],[],[],[]
Cardi B,Instagram,,,https://www.instagram.com/accounts/login/?next=https%3A%2F%2Fwww.instagram.com%2F20%2F,Fashion,0 Flollower,0 Like,,N/A,[],[],[],[]
KAROL G,Instagram,,,https://www.instagram.com/accounts/login/?next=https%3A%2F%2Fwww.instagram.com%2F21%2F,,0 Flollower,0 Like,,N/A,[],[],[],[]
Jin of BTS,Instagram,,,https://www.instagram.com/accounts/login/?next=https%3A%2F%2Fwww.instagram.com%2F22%2F,,0 Flollower,0 Like,,N/A,[],[],[],[]
Instagram,Instagram,,,https://www.instagram.com/accounts/login/?next=https%3A%2F%2Fwww.instagram.com%2F23%2F,,0 Flollower,0 Like,,N/A,[],[],[],[]
Miley Cyrus,Instagram,,,https://www.instagram.com/accounts/login/?next=https%3A%2F%2Fwww.instagram.com%2F24%2F,,0 Flollower,0 Like,,N/A,[],[],[],[]
