fashion,https://www.tiktok.com/@fashion
fashion,https://www.tiktok.com/@fashionmagazine
fashion,https://www.tiktok.com/@fashionnova
fashion,https://www.tiktok.com/@romantic7.2
fashion,https://www.tiktok.com/@fashion_earth
fashion,https://www.tiktok.com/@lovemakeupfashion
fashion,https://www.tiktok.com/@ohmodel
fashion,https://www.tiktok.com/@fashioninflux
fashion,https://www.tiktok.com/@aestheticsthingz4
fashion,https://www.tiktok.com/@fashion.model.video
fashion,https://www.tiktok.com/@lovemakeupfashion
fashion,https://www.tiktok.com/@fashionboy
fashion,https://www.tiktok.com/@fashion_201
fashion,https://www.tiktok.com/@fashi0nfits_
fashion,https://www.tiktok.com/@fashionoline
fashion,https://www.tiktok.com/@fashionhub96
fashion,https://www.tiktok.com/@lovemakeupfashion
fashion,https://www.tiktok.com/@style.912
fashion,https://www.tiktok.com/@fashion_nailart
fashion,https://www.tiktok.com/@monacolegas