username,current_tag
@WebDevSimplified,web+development
@RealChrisSean,web+development
@FullStackWebDevelopment,web+development
@EyadWebDevelopment,web+development
@atozwebdevelopment9709,web+development
@NorbertWebDev,web+development
@easywebdevelopment,web+development
@qweb,web+development
@yaworsk1,web+development
@webdevelopmentskills2360,web+development
@MrWebDesignerAnas,web+development
@sandhikagalihWPU,web+development
@SuprunAlexey,web+development
@GeeksforGeeksWebDevelopment,web+development
@HowToPakistanOfficial,web+development
@TheWebDev,web+development
@3mwebdevelopment510,web+development
@techsupportforwebdevelopment,web+development
@webdevelopment7759,web+development
1 subscriber,web+development
@webdevelopment5453,web+development
@learncodeacademy,web+development
@LeelaWebDev,web+development
@g-webdevelopment8643,web+development
@campusx-webdevelopment3240,web+development
@WebDevelopmentSchool,web+development
@TheCoderCoder,web+development
@CodeWithHarry,web+development
@WebDevelopmentwithGaurav,web+development
@WebskittersLLCMiami,web+development
@jkardwebdevelopment7392,web+development
@TraversyMedia,web+development
@webdevelopmentcoursebyreha6711,web+development
@dawebschools,web+development
@coldfusionwebdevelopment6795,web+development
@carloscloudwebdeveloper1099,web+development
@UltimateWebDevelopment,web+development
@learnwithleon,web+development
@NetNinja,web+development
@YahooBaba,web+development
@cloudtimonsoftwaresolution5540,web+development
@1clickwebswebdevelopmentse217,web+development
@IgnitionWebDevelopment,web+development
@DrRichardStibbard,web+development
@webdevelopmentbykingofweb,web+development
@codingshuttle,web+development
@looksomething-mobileappswe1820,web+development
@rixx-web_development,web+development
@LearnwithSumit,web+development
@webdevelopmentbyprogrammin8614,web+development
@webdevelopmentcourse2359,web+development
@developedbyed,web+development
@digitalrill,web+development
@CloudCannon,web+development
@moradodev,web+development
@webdevelopmentlabs2,web+development
@seawindsolutionpvtltdwebde2822,web+development
@webdevelopmenttelugu1804,web+development
@DaveGrayTeachesCode,web+development
@DevTownIndia,web+development
@webelart_en,web+development
@paulkeldsen-webdevelopment1313,web+development
@thewebdevelopmenttutorials,web+development
@ticswebdevelopment4233,web+development
@Gawebdevdotcom,web+development
@DigitalDomainIE,web+development
@seattleuniversitywebdevelo19,web+development
@webdevelopmentintelugu1975,web+development
@jhnetwebdevelopment6957,web+development
@webdevelopmentcodecamp9225,web+development
@webdevelopment2280,web+development
@creatorywebdevelopment4408,web+development
@shiponestudio-designwebdev3901,web+development
@sysprowebdevelopment1432,web+development
@webdevelopment4998,web+development
@innovativemobileandwebdeve1426,web+development
@ADiSoftUmag,web+development
@webdevelopment5678,web+development
@letslearnwebdevelopment7872,web+development
@ktgtechwebdevelopment924,web+development
@phpwordpresswebdevelopment5042,web+development
@thestory_is,web+development
@webdeveloperninja9220,web+development
@webdevelopment5610,web+development
@OdiaWebDeveloper,web+development
@webdevelopmentchannel,web+development
@webdevelopmentguru,web+development
@webdevelopment8579,web+development
@frontendwebdevelopmenttuto2984,web+development
@webdevelopment2779,web+development
@WebDevelopmentArmy,web+development
@basicwebdevelopment6473,web+development
@webdevelopment2280,web+development
@ADiSoftUmag,web+development
@webdevelopment2844,web+development
@web-beat-IT,web+development
@webdevelopment2581,web+development
@webdevelopmenttechnologysc8619,web+development
@creatorywebdevelopment4408,web+development
@Biswanath_Saha,web+development
@shiponestudio-designwebdev3901,web+development
@webdevelopment4998,web+development
@webdevelopment4942,web+development
@web_development1,web+development
@innovativemobileandwebdeve1426,web+development
@webdevelopment1635,web+development
@learnwebdevelopment8269,web+development
@webdevelopment9725,web+development
@apicode,web+development
@thecatapult2series795,web+development
@webdevelopment5386,web+development
@Foowebs,web+development
@webdevelopmenttutorials5406,web+development
@webdevelopmenthive,web+development
@webdevelopment1363,web+development
@Link2cityInc,web+development
@codingwebdevelopmentchanel9853,web+development
@webdevelopment5745,web+development
@webdevelopment9672,web+development
@webdevelopmenttutorials98,web+development
@fastwebdevelopment7743,web+development
@website_creator,web+development
@webdevelopmentccr916,web+development
@varinder491,web+development
@Anniekin2,web+development
@webdevelopmentwithwaleed4932,web+development
@webdevelopment2650,web+development
@webdevelopmentteam9504,web+development
@webdevelopment9858,web+development
@webdevelopmentwithzafi943,web+development
@CodingPhase,web+development
@webdevelopment3065,web+development
@webdevelopment4203,web+development
@webdevelopment8202,web+development
@masterbrightwebdevelopment6899,web+development
@web_development1,web+development
@webdevelopment5226,web+development
@digitaldeckwebdevelopment6903,web+development
@Software9,web+development
@kaizencodingwebdevelopment5782,web+development
@profwebdev,web+development
@webdevelopmentcourse1107,web+development
@webdevelopmentcourse1112,web+development
@fit2webwebdevelopment613,web+development
@learnwebdevelopment9252,web+development
@ckafkalas,web+development
@iSmarts-Preston,web+development
@argofywebdevelopment8799,web+development
@webdevelopmentanddesign1828,web+development
@learnwebdevelopment8603,web+development
@khwarizmimedia-webdevelopm8121,web+development
@masterwebdevelopment84,web+development
@vijaymahipurohit,web+development
@YUZHUWebDev,web+development
@itconfigzwebdevelopment3792,web+development
@webdevelopment4211,web+development
@captainmoe,web+development
@webdevelopment3316,web+development
@webdevelopmentwithxtina1679,web+development
@jonathanwatson-webdevelopment,web+development
@webdevelopmenttips2615,web+development
@webdevelopment1989,web+development
@designhubphwebdevelopments5184,web+development
@mywebdevelopmentprojects2126,web+development
@webdevelopment6349,web+development
@Sacramentoseoandwebdevelopment,web+development
@purplesyntax-bespokedigita712,web+development
@fancywebdevelopment3017,web+development
@completewebdevelopmentcour1946,web+development
@sarahwebdevelopment8513,web+development
@a1webdevelopment124,web+development
@webdevelopmentwithdj5084,web+development
@webdevelopmentproject1demo316,web+development
@webdevelopment9672,web+development
@OdiaWebDeveloper,web+development
@webdevelopment4967,web+development
@webdevelopmentcareer6152,web+development
@udemywebdevelopment9953,web+development
@j.f.webdevelopment7770,web+development
@webdevelopmentschool3480,web+development
@webdevelopmenttech9093,web+development
@webdevelopmentmedia7739,web+development
@HumoyunHoshimboyev-yu8be,web+development
@frankodwebdevelopment2684,web+development
@learnwebdevelopment3816,web+development
@easywebdevelopment5981,web+development
@ubmwebdevelopment461,web+development
@satyawebdevelopment4241,web+development
@webdevelopmenttutorialwdt7802,web+development
@worldwebdevelopment252,web+development
@learnwebdevelopment8603,web+development
@microsoftwebdevelopment9567,web+development
@lukas.webdev,web+development
@webdevelopmentteam2388,web+development
@mishabutuzov,web+development
@sjwebdevelopment5078,web+development
@webdevelopmenttutorial6798,web+development
@epawebdevelopment6495,web+development
@JaguarWebDevelopment,web+development
@webdevelopmentacademy263,web+development
@jamalwebdevelopment4841,web+development
@webdevelopment8101,web+development
@webdevelopment7914,web+development
@learnwebdevelopment3816,web+development
@webdevelopmentschool3480,web+development
@webdevelopmenttech9093,web+development
@killerwebdev,web+development
@webdevelopmentsgvu7630,web+development
@ubmwebdevelopment461,web+development
@techvideo520,web+development
@udemywebdevelopment9953,web+development
@team9webdevelopment590,web+development
@HumoyunHoshimboyev-yu8be,web+development
@webdevelopment5893,web+development
@webdevelopment3526,web+development
@webdevelopmenttutorials5436,web+development
@easywebdevelopment5981,web+development
@webcodzing-webdevelopmentt7468,web+development
@umerwebdevelopment3863,web+development
@webdevelopmenthtmlcssjavas8814,web+development
@appswebdevelopment9258,web+development
@webdevelopment492,web+development
@dspwebdevelopment4417,web+development
@j-gowebdevelopment2924,web+development
@webamplowebdevelopment6849,web+development
@webdevelopment5888,web+development
@j.f.webdevelopment7770,web+development
@webdevelopmentcoding435,web+development
@bpifywebdevelopmentdesign1833,web+development
@demoaccountforwebdevelopment,web+development
@webdevelopment3427,web+development
@professionalwebdevelopment3204,web+development
@Gbnwebdevelopment,web+development
@androidorwebdevelopment4015,web+development
@DavidDwyer71,web+development
@phplearning-fullstackwebde6533,web+development
@webdevelopmentwithphplarav9964,web+development
@web2e-commercewebdevelopme405,web+development
@webdevelopment4all,web+development
@dspwebdevelopmentdesigns765,web+development
@learnwebdevelopment6027,web+development
@mr.usman12,web+development
@bluelakewebdevelopment,web+development
@webdevelopmentforbeginners2862,web+development
@WPForhad,web+development
@emmynetwebdevelopment2790,web+development
@s.qwebdevelopment7060,web+development
@qcewebdevelopment6947,web+development
@webdevelopmentcourses8252,web+development
@websolswebdevelopment6747,web+development
@webdevelopment6303,web+development
@webdevelopmentonlinetutori5668,web+development
@webdevelopment3554,web+development
@webdevelopmentwithgabriel389,web+development
@morganwebdevelopmentdesign7286,web+development
@raquelteacheswebdevelopment,web+development
@blazeweb_art,web+development
@t.rwebdevelopment6895,web+development
@webdevelopmenttutorials3484,web+development
@webdevelopmenttutorialsfor7480,web+development
@webdevelopmentjgec9215,web+development
@webdevelopmentguy4676,web+development
@UWICWebTeam,web+development
@todayinfrawebdevelopment2953,web+development
@sjcwebdevelopment5911,web+development
@anton-shubin,web+development
@webdevelopmentfun9053,web+development
@WEBDEVELOPMENT-mv8iq,web+development
@mcgloghlonwebdevelopment7268,web+development
@m_swebdevelopment4459,web+development
@LearnWebDevelopment101,web+development
@pinnaclewebdevelopment2553,web+development
@webdevelopmentandmore1286,web+development
@webdevelopment826,web+development
@webdeveloperoliva,web+development
@e-zonewebdevelopment6697,web+development
@webdevelopment4267,web+development
@completewebdevelopmenttrai9527,web+development
@1minutewebdevelopment986,web+development
@mbjweb-development7787,web+development
@digitalmarketingwebdevelop7437,web+development
@icdrm,web+development
@webdevelopment7928,web+development
@webdevelopmentsureshss7212,web+development
@expresswebdevelopment9838,web+development
@webdevelopmentfullcourse,web+development
@ethio_web_development,web+development
@allaboutwebdevelopment7153,web+development
@webdesignwebdevelopmentcom3134,web+development
@webdevelopmentground7699,web+development
@ChrysalisWebDevelopmentEugene,web+development
@freewebdevelopmenttutorial5310,web+development
@cylonwebdevelopment9565,web+development
@webdesignwebdevelopment-ge2691,web+development
@themeshaper-webdevelopment3112,web+development
@pageonewebdevelopment9851,web+development
@webdevelopmentwithasad1119,web+development
@webdevelopmentinpashto,web+development
@kineticjamwebdevelopment890,web+development
@CodeConnects,web+development
@ogbugbuwebdevelopmentservi4390,web+development
@arsmoon-topratedwebdevelop7724,web+development
@aspirity_agency,web+development
@decidewebdevelopment8375,web+development
@diycatalystwebdevelopment971,web+development
@trioangletechnologies,web+development
@learnwebdevelopment7767,web+development
@superiortechlfullstackwebd8796,web+development
@clayton-madewebdevelopment2088,web+development
@webdevelopmentwithmichele62,web+development
,web+development
@bgwebdevelopment-5413,web+development
@HoldingbayCoUk,web+development
@meentosys,web+development
@webdoers-mobileappandwebde807,web+development
@sd-fitness-berlin,web+development
@webdevelopment750,web+development
@websynergy-webdevelopment-9254,web+development
@aem_tutorials,web+development
@MyGGO.WebDevelopment,web+development
@zehlm,web+development
@westshoreweb,web+development
@webdevelopmentinhindi5671,web+development
@webdevelopment1753,web+development
@phpwebdevelopment3299,web+development
@frontendwebdevelopment8208,web+development
@metrikcorpwebdevelopment9348,web+development
@Web-Development-Mastery,web+development
@networkingandwebdevelopmen2719,web+development
@lucarestagno,web+development
@Deluxewebdevelopment,web+development
@webdevelopmenttutorialtami7397,web+development
@softnicknepalwebdevelopmen7096,web+development
@webdevelopment9369,web+development
@ntfctnswebdevelopment783,web+development
@f5webdevelopment919,web+development
@asadali-lx7zu,web+development
@bouncyballwebdevelopment5676,web+development
@cheiiswebdevelopment7124,web+development
@webdevelopmentstudios1981,web+development
@havequerywebdevelopment6998,web+development
@rexacademy-schoolofwebdeve7293,web+development
@outlawwebdevelopment4210,web+development
@galaxywebdevelopment4068,web+development
@DrupalSupport,web+development
@spacesubjectwebdevelopment7645,web+development
@pageonewebdevelopment6510,web+development
@Door37,web+development
@ivanvidenovic-webdevelopme3311,web+development
@webdevelopment6446,web+development
@realiation,web+development
@dazonnwebdevelopment,web+development
@pbwebdevelopment9709,web+development
@webdevelopment1937,web+development
@teluguwebdevelopment9753,web+development
@calebswebdevelopmenttutori6335,web+development
@webdevelopmentguide4910,web+development
@bestwebdevelopmentvideos7199,web+development
@webdevelopment862,web+development
@webdevelopmentinstitutionw9211,web+development
@equinewebdevelopment8836,web+development
@webdevelopment4783,web+development
@webdevelopmenttutorials4664,web+development
@firstideawebdevelopmentpvt2700,web+development
@mediacrowwebdevelopment2048,web+development
@xpassionconsultingmarketin5239,web+development
@webdevelopmentcourse791,web+development
@TowardsWebDevelopment,web+development
@allsafewebdevelopment2925,web+development
@webdeveloperzone7668,web+development
@Spiritwebdevelopment,web+development
@davedoddswebdevelopment6664,web+development
@Seoebaraha,web+development
@nrcawebdevelopment1725,web+development
@codewithwebdevelopment1380,web+development
@skytecsolution-customwebde2570,web+development
@moversearchmarketingwebdev8976,web+development
@webdevelopment1975,web+development
@OwlmediaCoZaWeb-Design-Print,web+development
@UnitedCheckCashingH,web+development
@jdkwebdevelopment7631,web+development
@livewebdevelopment931,web+development
@UnrooleCloud,web+development
@KocinaMarketing,web+development
@icaruswebdevelopment8471,web+development
@prevalentdigitalwebdevelop4332,web+development
@devusolwebdevelopment-rapi4260,web+development
@usecaweb,web+development
@bluelookmobilewebdevelopme9396,web+development
@webdevelopment2598,web+development
@awesomewebdevelopment7209,web+development
@williamlewiswebdevelopment6624,web+development
@diywebsitedevelopment3003,web+development
@webcode-sk,web+development
@mdhovwebdevelopment-digita1703,web+development
@perpetualsolutionwebdevelo1223,web+development
@primeinternetvipwebdesigna7902,web+development
@BonSystemsMalta,web+development
@webdevelopment9036,web+development
@dkwebdevelopment2356,web+development
@webdevelopmentcompanydigit3091,web+development
@webdevelopmentwgid,web+development
@ctg216-advancedwebdevelopm7,web+development
@VandesignCa,web+development
@webdevelopmentdeepdives6799,web+development
@webdevelopmentbyemon3709,web+development
@cadchr1,web+development
@socialleadmarketingandwebd8519,web+development
@learnwebdevelopmentwithbru9876,web+development
@jehovahjirehwebdevelopment8423,web+development
@sntechsolwebdevelopment2681,web+development
@webdevelopment3139,web+development
@webdevelopment4645,web+development
@webdevelopmentusingphpandm1802,web+development
@learnwebdevelopment8320,web+development
@webdevelopment3556,web+development
@webdevelopmenttutorials-ma8126,web+development
@it610webdevelopmentwithdru3,web+development
@lynbrookwebdevelopmentclub6383,web+development
@americawebdevelopment8650,web+development
@automlychicagowebdevelopme1808,web+development
@webdevelopmentinsimplestep8827,web+development
@webdevelopmentwithdjango1956,web+development
@formationwebdeveloper8651,web+development
@vedasdev-webdevelopmentand4233,web+development
@optimusit-webdevelopmentfo1097,web+development
@webdevelopment5700,web+development
@kaustubhwebdevelopment6501,web+development
@webdevelopmentcourseindelh1007,web+development
@apexwebdevelopment8127,web+development
@androidsolutionsandwebdeve4262,web+development
@odishawebdeveloper,web+development
@webdevelopment1209,web+development
@webdevelopmentandittechnol1667,web+development
@smoodytube,web+development
@filipinowebdevelopmentpeers,web+development
@pdxwebdev,web+development
@zydelowebdevelopmenttechno8183,web+development
@studyghyansagarsagar5510,web+development
@webtechstudioz-thefutureof3961,web+development
@freewebdevelopmentbootcamp686,web+development
@natronwebdevelopmentservic4650,web+development
@kurswebdevelopment665,web+development
@webdevelopmentwebdesigning3193,web+development
@parkerwebdevelopmentservic906,web+development
@webdevjournal,web+development
@sofiakostiuninawebdevelopm718,web+development
@CrowdsWebDevelopment,web+development
@MalwareremovalUSA,web+development
@astekweb,web+development
@webdevelopmentbyangeltiwar6444,web+development
22 subscribers,web+development
@GOVIRALWebDevelopmentWichita,web+development
@RedcherryCanadaInc,web+development
@webdevelopmentcompanynexty6436,web+development
@csupueblowebdevelopment5582,web+development
@webdevelopmente-learningby6546,web+development
@KhansWebDevelopment,web+development
@swdwebdevelopment.2844,web+development
@alexnielsen-bushbass,web+development
@webdevelopmentmultimediaco4206,web+development
@seekhowebdevelopmentanddes6617,web+development
@webdevelopmentgroup5185,web+development
@DigitalpugsMedia,web+development
,web+development
@webdevelopment8723,web+development
@CollegeWallahbyPW,web+development
@webdevelopmentcourse.ictcl436,web+development
@webdeveloper4864,web+development
@CODE4EDUCATION,web+development
@b3analyticswebdevelopmenta455,web+development
@HwdevelopmentOmaha,web+development
@10comwebdevelopment10com,web+development
@webdevelopmentservice3052,web+development
,web+development
@comawebdevelopment7807,web+development
@webdevelopmenttutorials9133,web+development
@javascriptexplained,web+development
1 subscriber,web+development
@dynamicwebdevelopment6707,web+development
1 subscriber,web+development
2 subscribers,web+development
1 subscriber,web+development
8 subscribers,web+development
1 subscriber,web+development
@MagwaiTech,web+development
1 subscriber,web+development
@WebDevelopmentTipstricks,web+development
,web+development
3 subscribers,web+development
@sanskarwebdevelopment6563,web+development
@HACKMASTER-0410,web+development
12 subscribers,web+development
5 subscribers,web+development
@wapinstitute,web+development
11 subscribers,web+development
@FastdDevelopers,web+development
@careerfoundry,web+development
@chameleonwebdevelopment2162,web+development
2 subscribers,web+development
1 subscriber,web+development
,web+development
3 subscribers,web+development
@avallo22,web+development
,web+development
1 subscriber,web+development
,web+development
@CodeMaster101,web+development
23 subscribers,web+development
@ishprodev,web+development
@WellDigitalSardarAliAhmad,web+development
@helpfulwebdevelopment9986,web+development
@websquadron,web+development
@MedhaNir,web+development
@STPComputerEducation,web+development
2 subscribers,web+development
@tkssharmaa,web+development
@ebstechnology,web+development
@codewithbeg,web+development
@davidconnelly,web+development
,web+development
@fortunemediawebdevelopment8141,web+development
4 subscribers,web+development
@DonTheDeveloper,web+development
@CodePioneers,web+development
@wordpresswebdevelopment7837,web+development
@CodeSandbox,web+development
@AnuragNishad-yd5jw,web+development
@sammykingx,web+development
@WebmistAlchemist,web+development
@mobilewebdevelopment2556,web+development
@nawalpurremixer,web+development
@CodingAfterThirty,web+development
@adamtech2096,web+development
@WPBuilds,web+development
@sculeinadgamingtv,web+development
@codewithcode.,web+development
@dev_nabi,web+development
@GDGportsaid,web+development
@DPSComputing,web+development
@coding_community_in,web+development
@SateerReacts,web+development
@Volvagia,web+development
@FileMakerVideos,web+development
@SiteBuilderStudio,web+development
3 subscribers,web+development
@surajmehra-qw2ip,web+development
@coderest6120,web+development
@guna3142,web+development
1 subscriber,web+development
@7-CodeCrafterHQ,web+development
@Michaeluchenna773,web+development
@MrGAMER-iy2lt,web+development
@Cyber_puzzle_net,web+development
@StoTech,web+development
@integr8_tech,web+development
@Growingsocial.,web+development
@AdBez,web+development
@computer_information,web+development
@amnaturalacademy,web+development
@AshvinOp1,web+development
@dev-fluency,web+development
@cghacker1,web+development
@Speedolearn,web+development
@endlessquotes9.0,web+development
@Diegomanjesh,web+development
@devops5640,web+development
@NotBeexoul,web+development
@mohsinsheikhworld,web+development
@HamzaDev,web+development
@phlume,web+development
@softtiletechnologies,web+development
1 subscriber,web+development
