Channel Names,category
@simulationgames2483,Simulation+game
@hubroeducationbusinesssimu8718,Simulation+game
@gamesimulation.001,Simulation+game
@simulationgames6159,Simulation+game
@simulationgames1093,Simulation+game
@marblesimulationgames1878,Simulation+game
@simulationgames2700,Simulation+game
@reallivessimulationgame9775,Simulation+game
@drivingsimulationgames1134,Simulation+game
@BluGames,Simulation+game
@simulationgames650,Simulation+game
@simulator395,Simulation+game
@simulationgames7163,Simulation+game
@bestsimulationgames519,Simulation+game
@simulationgames1523,Simulation+game
@simulationgamecollection7418,Simulation+game
@simulationgamesforpc5373,Simulation+game
@mbagames2002,Simulation+game
@bestsimulationsgames1553,Simulation+game
7 subscribers,Simulation+game
@simulationgames9850,Simulation+game
@railgamesimulation7561,Simulation+game
@PcSimulationGamesBest,Simulation+game
@KlutchSimulations,Simulation+game
@hardkillersimulationgames219,Simulation+game
@simulatorgamee,Simulation+game
@simulationgames2604,Simulation+game
@simulationgamereview,Simulation+game
@revas-businesssimulationga9432,Simulation+game
@vidiosimulationgames1448,Simulation+game
@dreamsimulationgames4409,Simulation+game
@SimulationGameLoot,Simulation+game
@androidsimulationgames2765,Simulation+game
@simulationgames6057,Simulation+game
@gamespcsimulator8302,Simulation+game
@simulationgameclips3670,Simulation+game
@simulationgames7481,Simulation+game
@simulationgames9945,Simulation+game
@mobilesimulationgame7421,Simulation+game
@simulationgamesmanufacture5759,Simulation+game
@bestsimulationgames4140,Simulation+game
@simulationgame4279,Simulation+game
@simulationgames8381,Simulation+game
,Simulation+game
@wackystudios3dsimulationga536,Simulation+game
@simulationgame3736,Simulation+game
@japonraceandsimulationgame4990,Simulation+game
@splashabeachresortsimulati1048,Simulation+game
,Simulation+game
@GAMESIMULATOR268,Simulation+game
,Simulation+game
@bestcombatairforcesimulati1684,Simulation+game
@MrCraig1234567,Simulation+game
@warsimulationgames9489,Simulation+game
@simulationgames121,Simulation+game
@simulationgamesyt4684,Simulation+game
@simulationgames6209,Simulation+game
@simulationgames9119,Simulation+game
@worldminigames2231,Simulation+game
@simulationgamesbysahil9080,Simulation+game
@carssimulationgames7536,Simulation+game
@DieselDesigns,Simulation+game
4 subscribers,Simulation+game
@simulationgames242,Simulation+game
@Undergearsimulation,Simulation+game
@roboticsaisimulationgame4678,Simulation+game
@flashfinancialsimulationga8742,Simulation+game
@simulationgames9714,Simulation+game
@simulationgames2449,Simulation+game
@simulatorgameworld3056,Simulation+game
@SimGamesCorner,Simulation+game
@simulatorgames01,Simulation+game
@realsimulationgames5228,Simulation+game
@simulatorgames7505,Simulation+game
@simulationgames7715,Simulation+game
@FarmSimGame,Simulation+game
@Gsimulations,Simulation+game
@simulationgames9088,Simulation+game
@simulationgames2039,Simulation+game
@simulationgamestudioth7473,Simulation+game
@treasurekiwi.mba2002,Simulation+game
@simulationgames4992,Simulation+game
@simulationgames4434,Simulation+game
@mbasimulationgames2002,Simulation+game
@simulationgames2629,Simulation+game
@thesimulationgames3609,Simulation+game
@revas-businesssimulationga9432,Simulation+game
@simulationgameexperts,Simulation+game
@simulationgames1372,Simulation+game
@comedykk9340,Simulation+game
@simulationgames,Simulation+game
@corentin959gamesimulation5,Simulation+game
@bestsimulationsgames1553,Simulation+game
@freesimulationgames1587,Simulation+game
@sakuraschoolsimulationgame6472,Simulation+game
@simulationgamesonly9056,Simulation+game
@simulationgames669,Simulation+game
1 subscriber,Simulation+game
@lehigh-ibe250businesssimul7,Simulation+game
@topsimulationgames4631,Simulation+game
@simulationgames4552,Simulation+game
@officialgamesimulatorrpg2944,Simulation+game
4 subscribers,Simulation+game
@simulationgame1328,Simulation+game
@simulationgames2380,Simulation+game
@HackingSimGames,Simulation+game
,Simulation+game
@simulatorgame3162,Simulation+game
@simulationgamesforpc5373,Simulation+game
@simulationgamesbypawan4167,Simulation+game
@leatilehausionm3481,Simulation+game
@simulationgamezone,Simulation+game
,Simulation+game
@simulationgames6306,Simulation+game
@simulationgames6075,Simulation+game
@simulatorgames8070,Simulation+game
,Simulation+game
,Simulation+game
,Simulation+game
@simulatorgamescz1571,Simulation+game
@BananaGamesYT,Simulation+game
@ikberserbest,Simulation+game
@immerged-thefreedivingsimu9675,Simulation+game
@theworldofsimulationgames1762,Simulation+game
@letsplaysimugames,Simulation+game
@saeedsimulatorgame150,Simulation+game
@herosimulationgames7682,Simulation+game
1 subscriber,Simulation+game
,Simulation+game
@simulationgamestamil2593,Simulation+game
@androidSIMULATIONGamesByNafiz,Simulation+game
5 subscribers,Simulation+game
,Simulation+game
2 subscribers,Simulation+game
8 subscribers,Simulation+game
,Simulation+game
1 subscriber,Simulation+game
@simulationgames-mantigames2562,Simulation+game
@simulationgametheory8631,Simulation+game
@hydrasimulation,Simulation+game
@RSGamingSimulation,Simulation+game
,Simulation+game
@dubaibussimulatorgame6691,Simulation+game
2 subscribers,Simulation+game
@3dparkingandsimulationgame146,Simulation+game
@simulationsgameforkids4170,Simulation+game
,Simulation+game
@mr.simulationgames2141,Simulation+game
,Simulation+game
@simulationgames2657,Simulation+game
@simulatorgameschannel3667,Simulation+game
@simulationgamespharmasim9314,Simulation+game
,Simulation+game
,Simulation+game
@simulatorgamescz1571,Simulation+game
@BananaGamesYT,Simulation+game
@immerged-thefreedivingsimu9675,Simulation+game
@theworldofsimulationgames1762,Simulation+game
@letsplaysimugames,Simulation+game
@saeedsimulatorgame150,Simulation+game
@herosimulationgames7682,Simulation+game
1 subscriber,Simulation+game
,Simulation+game
@simulationgamestamil2593,Simulation+game
@androidSIMULATIONGamesByNafiz,Simulation+game
5 subscribers,Simulation+game
,Simulation+game
@simulationgametheory8631,Simulation+game
@hydrasimulation,Simulation+game
@RSGamingSimulation,Simulation+game
,Simulation+game
@dubaibussimulatorgame6691,Simulation+game
2 subscribers,Simulation+game
@3dparkingandsimulationgame146,Simulation+game
@simulationsgameforkids4170,Simulation+game
,Simulation+game
@mr.simulationgames2141,Simulation+game
1 subscriber,Simulation+game
,Simulation+game
@simulatorgameschannel3667,Simulation+game
@simgame,Simulation+game
@simulationgamespharmasim9314,Simulation+game
,Simulation+game
@yellowgamesstudiollcanimat680,Simulation+game
@themeparksimulationgames7186,Simulation+game
@carsimulationgameschannel3987,Simulation+game
@simulationgameslive6073,Simulation+game
@cargotruckdrivinggamessimu5102,Simulation+game
@sgrsimulationgames1651,Simulation+game
@androidsimulationgames1422,Simulation+game
@businesssimulationgame9883,Simulation+game
@androidsimulatorgames6942,Simulation+game
4 subscribers,Simulation+game
@commands-rotcgamesimulatio6369,Simulation+game
,Simulation+game
,Simulation+game
@militaryfightersimulatorpl5076,Simulation+game
@simulationgamestv5223,Simulation+game
,Simulation+game
@simulationgame2692,Simulation+game
@simulationgames3664,Simulation+game
,Simulation+game
,Simulation+game
@GamingSimulations,Simulation+game
@simulatorsgames9033,Simulation+game
,Simulation+game
@simgamesandabitmore3712,Simulation+game
3 subscribers,Simulation+game
@JLWGames,Simulation+game
,Simulation+game
8 subscribers,Simulation+game
@bubblenitplayssimulationgames,Simulation+game
@gameconstructionsimulator1377,Simulation+game
@simulationgames7977,Simulation+game
@topsimulationgame3485,Simulation+game
@simulationgame3063,Simulation+game
@thesimulationgames-vlogirl6496,Simulation+game
@simulationgames6748,Simulation+game
@simulatorgame9128,Simulation+game
@simulationgames3852,Simulation+game
@Abass-720,Simulation+game
@simulationgames3044,Simulation+game
@simulationgames9801,Simulation+game
@simulatorgame3087,Simulation+game
@simulationgames5706,Simulation+game
@greekracingsimulationgames8569,Simulation+game
@gamesimulator5101,Simulation+game
@EsimOrgMMOGame,Simulation+game
@PediatricSimulationGames,Simulation+game
@AV_Games,Simulation+game
,Simulation+game
@MarkArmstrongGaming,Simulation+game
45 subscribers,Simulation+game
10 subscribers,Simulation+game
@WITSimulations,Simulation+game
4 subscribers,Simulation+game
,Simulation+game
@internationalbusinesssimul9590,Simulation+game
@simulationfl,Simulation+game
@androidsimulationgamesmore2562,Simulation+game
@SimulationGames01,Simulation+game
@myme.simulationgame245,Simulation+game
,Simulation+game
@collegeofeuropesimgame4338,Simulation+game
@crashingcarssimulationgame7387,Simulation+game
6 subscribers,Simulation+game
62 subscribers,Simulation+game
,Simulation+game
@Nafis_Rabbnai_786,Simulation+game
3 subscribers,Simulation+game
6 subscribers,Simulation+game
@GAMESINUZZZSIMULATION,Simulation+game
@simulationgameschannel8394,Simulation+game
1 subscriber,Simulation+game
,Simulation+game
@trainsimulatorgame5514,Simulation+game
1 subscriber,Simulation+game
@bussimulation6836,Simulation+game
@PCSimulationGames,Simulation+game
@Schwarzwald96,Simulation+game
2 subscribers,Simulation+game
,Simulation+game
,Simulation+game
,Simulation+game
1 subscriber,Simulation+game
1 subscriber,Simulation+game
@fsxsimulationgame4830,Simulation+game
9 subscribers,Simulation+game
,Simulation+game
,Simulation+game
,Simulation+game
,Simulation+game
@simulatorgames1763,Simulation+game
@gamesimulator7354,Simulation+game
4 subscribers,Simulation+game
10 subscribers,Simulation+game
,Simulation+game
,Simulation+game
@simulationgames7093,Simulation+game
@capsimguide2002,Simulation+game
@thebestsimulationgame8665,Simulation+game
@bandersimztmdigitalnursing256,Simulation+game
@androidmobilesimulatorgame,Simulation+game
@DjGoHamGaming,Simulation+game
@drivingsimulationgames1134,Simulation+game
,Simulation+game
,Simulation+game
,Simulation+game
@mbagames2002,Simulation+game
@gamesimulation9354,Simulation+game
@carsimulationgames7950,Simulation+game
@battlesimulationtacticgame,Simulation+game
1 subscriber,Simulation+game
1 subscriber,Simulation+game
@KPopp,Simulation+game
,Simulation+game
8 subscribers,Simulation+game
@abubakarpro7587,Simulation+game
,Simulation+game
@bastindiantriansimulationg2705,Simulation+game
,Simulation+game
,Simulation+game
,Simulation+game
,Simulation+game
1 subscriber,Simulation+game
@fabyussimulationgames2805,Simulation+game
,Simulation+game
,Simulation+game
,Simulation+game
@simulationgames349,Simulation+game
,Simulation+game
@WeeHoursGames,Simulation+game
,Simulation+game
2 subscribers,Simulation+game
@MH_GSG,Simulation+game
2 subscribers,Simulation+game
1 subscriber,Simulation+game
@bussimulationgame5378,Simulation+game
@simulationgames5880,Simulation+game
@asterfpvfpvgamesimulatorfp4141,Simulation+game
1 subscriber,Simulation+game
,Simulation+game
@nflsimulationgames6384,Simulation+game
@drivingsimulationgames7823,Simulation+game
16 subscribers,Simulation+game
3 subscribers,Simulation+game
@simulationgames1504,Simulation+game
1 subscriber,Simulation+game
3 subscribers,Simulation+game
,Simulation+game
,Simulation+game
@gameandroidsimulator828,Simulation+game
@freesimulationgames2861,Simulation+game
3 subscribers,Simulation+game
,Simulation+game
40 subscribers,Simulation+game
1 subscriber,Simulation+game
,Simulation+game
,Simulation+game
2 subscribers,Simulation+game
25 subscribers,Simulation+game
@simulatorgame632,Simulation+game
,Simulation+game
291 subscribers,Simulation+game
6 subscribers,Simulation+game
4 subscribers,Simulation+game
,Simulation+game
,Simulation+game
@sportssimulation,Simulation+game
,Simulation+game
,Simulation+game
@androidsimulatorgameschann7529,Simulation+game
,Simulation+game
206 subscribers,Simulation+game
@simulationgames744,Simulation+game
47 subscribers,Simulation+game
3 subscribers,Simulation+game
6 subscribers,Simulation+game
,Simulation+game
1 subscriber,Simulation+game
,Simulation+game
3 subscribers,Simulation+game
@gamesimulator2176,Simulation+game
,Simulation+game
,Simulation+game
,Simulation+game
,Simulation+game
4 subscribers,Simulation+game
@simulationgames2548,Simulation+game
17 subscribers,Simulation+game
@badekogameplayerseurotruck1667,Simulation+game
,Simulation+game
,Simulation+game
@Racingsimulationgames,Simulation+game
7 subscribers,Simulation+game
@gamemaker3dsimulator453,Simulation+game
3 subscribers,Simulation+game
2 subscribers,Simulation+game
@fifagameplaysimulations6666,Simulation+game
,Simulation+game
2 subscribers,Simulation+game
@amitnegi9487,Simulation+game
1 subscriber,Simulation+game
,Simulation+game
@simulatorgamespc9086,Simulation+game
,Simulation+game
,Simulation+game
@simulationgames8038,Simulation+game
,Simulation+game
,Simulation+game
,Simulation+game
4 subscribers,Simulation+game
,Simulation+game
,Simulation+game
,Simulation+game
1 subscriber,Simulation+game
,Simulation+game
,Simulation+game
1 subscriber,Simulation+game
,Simulation+game
2 subscribers,Simulation+game
@blackgreggamesimulator2504,Simulation+game
@simulationgames2456,Simulation+game
4 subscribers,Simulation+game
@alphasimlifesimulatorgame7028,Simulation+game
,Simulation+game
@TheFormalPickle,Simulation+game
1 subscriber,Simulation+game
@tamilbussimulatortamilbusl8475,Simulation+game
,Simulation+game
1 subscriber,Simulation+game
,Simulation+game
,Simulation+game
@maxsimgames5371,Simulation+game
2 subscribers,Simulation+game
@warsimulationgames1112,Simulation+game
,Simulation+game
122 subscribers,Simulation+game
,Simulation+game
@simulatorgame1731,Simulation+game
@simulationgamesundvielesme1880,Simulation+game
,Simulation+game
2 subscribers,Simulation+game
@simulationgamesjp8679,Simulation+game
19 subscribers,Simulation+game
5 subscribers,Simulation+game
,Simulation+game
,Simulation+game
,Simulation+game
@redeyessimulationgames8939,Simulation+game
,Simulation+game
,Simulation+game
,Simulation+game
1 subscriber,Simulation+game
,Simulation+game
,Simulation+game
@RedEventGames,Simulation+game
1 subscriber,Simulation+game
1 subscriber,Simulation+game
@gamesimulator6961,Simulation+game
@VICgames,Simulation+game
@ogranjeirogamer3292,Simulation+game
,Simulation+game
,Simulation+game
,Simulation+game
12 subscribers,Simulation+game
4 subscribers,Simulation+game
,Simulation+game
@simulationgamescz3178,Simulation+game
,Simulation+game
5 subscribers,Simulation+game
,Simulation+game
,Simulation+game
,Simulation+game
,Simulation+game
1 subscriber,Simulation+game
,Simulation+game
,Simulation+game
71 subscribers,Simulation+game
,Simulation+game
1 subscriber,Simulation+game
,Simulation+game
4 subscribers,Simulation+game
,Simulation+game
2 subscribers,Simulation+game
2 subscribers,Simulation+game
,Simulation+game
,Simulation+game
@PRATISHGAMES,Simulation+game
,Simulation+game
,Simulation+game
@FlexibleGames,Simulation+game
@GSTGameSimulatorTutorial,Simulation+game
121 subscribers,Simulation+game
,Simulation+game
2 subscribers,Simulation+game
,Simulation+game
,Simulation+game
7 subscribers,Simulation+game
,Simulation+game
@GripperSim,Simulation+game
@AlphaGG,Simulation+game
2 subscribers,Simulation+game
@bobgames7193,Simulation+game
,Simulation+game
@Raptoria,Simulation+game
@gamessimulator1363,Simulation+game
@StevesSimStation,Simulation+game
@ColonizeMarsGame,Simulation+game
19 subscribers,Simulation+game
@TeminYT,Simulation+game
@zachdailygames,Simulation+game
@GameHopping,Simulation+game
@FanBrasilGames,Simulation+game
@terenceprice,Simulation+game
@the_dgs_gamer,Simulation+game
@DragsterGamingftw,Simulation+game
@GamesandMoreChannelProductions,Simulation+game
,Simulation+game
@PDP_GAMES,Simulation+game
@p3r1kosgames,Simulation+game
@RagingRaccoonGaming,Simulation+game
1 subscriber,Simulation+game
@BryceGames,Simulation+game
@8ASIMULATORS,Simulation+game
@survivalsimulationgame3240,Simulation+game
@gaurav07cratoonvidove,Simulation+game
@GUGAMESOFICIAL,Simulation+game
@MheemeeSim,Simulation+game
@AffectionGame,Simulation+game
@dinobobo,Simulation+game
@pdxsim1676,Simulation+game
@Virtonomica,Simulation+game
@LoneWolf2K,Simulation+game
@indiancarsimulator77,Simulation+game
@ContraPointsLive,Simulation+game
1 subscriber,Simulation+game
@PuritySin,Simulation+game
@AyMazingATS,Simulation+game
@FarmerKlein,Simulation+game
@simulatorgladiator28,Simulation+game
@FierceDiva40,Simulation+game
12 subscribers,Simulation+game
@emptyplaysnz,Simulation+game
@GSRCBroadcasting,Simulation+game
7 subscribers,Simulation+game
@AJCGamesYT,Simulation+game
@colonelfailure,Simulation+game
@IzuAurora,Simulation+game
@RyWilsonGaming,Simulation+game
@game_world129,Simulation+game
@RamblingRamul,Simulation+game
@GameNGoyt,Simulation+game
@Tazkabaz,Simulation+game
@FPSchazly,Simulation+game
@TheRealFSClub,Simulation+game
180 subscribers,Simulation+game
@GamewalaAkki,Simulation+game
@Grillmastah,Simulation+game
@mobile.game.,Simulation+game
@Kanajashi,Simulation+game
@ManOfTheAntz,Simulation+game
@DaylinsFunhouse,Simulation+game
@DDJP,Simulation+game
@Yorkie065,Simulation+game
@ZaksGamingLab,Simulation+game
@ZaiLetsPlay,Simulation+game
@itsqwertyluvs,Simulation+game
@damo2986,Simulation+game
,Simulation+game
@simulatedsportsnetwork360,Simulation+game
@NTG,Simulation+game
,Simulation+game
,Simulation+game
