Tags,Platform,Avatar,Channel Name,Channel Url,Location,Subscribers Count,Video count,Description,joined,Views,Email,3 Latest Videos Url,3 Latest Videos Title,3 Latest videos image,Links,Other Platform
Entertainment,Youtube,https://yt3.googleusercontent.com/ytc/AGIKgqMYNTE3MNj8tT7mkYDt19y6JV0teO57Fzxp1psh1w=s176-c-k-c0x00ffffff-no-rj,This is Хорошо,https://www.youtube.com/channel/UCPT9_sNLoBLjH1uea7zpVIA/about,Russia,6.25M subscribers,1.4K,"Description
Мы тут всякое творим уже 12 лет.","Oct 14, 2010","2,120,496,400 views",,"['https://www.youtube.com/watch?v=6xxJ-RBtQ9c', 'https://www.youtube.com/watch?v=0mh3SfRPLKk', 'https://www.youtube.com/watch?v=eFPbYolftus']","['500 ДНЕЙ В ПЕЩЕРЕ || СТИПЕНДИЯ ДЛЯ ХИККАНОВ || Нейросетевые фотки нашли рынок by This is Хорошо 7 days ago 15 minutes 177,559 views', 'Слабительное от STARBUCKS || Выставка ПОДДЕЛОК || Космические ПДД by This is Хорошо 2 weeks ago 12 minutes, 19 seconds 181,384 views', 'ИИ-ПАНИКА || Запрет Давида || Китайские каникулы любви by This is Хорошо 2 weeks ago 16 minutes 209,735 views']","['https://i.ytimg.com/vi/6xxJ-RBtQ9c/hqdefault.jpg?sqp=-oaymwEcCNACELwBSFXyq4qpAw4IARUAAIhCGAFwAcABBg==&rs=AOn4CLCCCp6a5qimGFPLp0dACePIxP9uiA', 'https://i.ytimg.com/vi/0mh3SfRPLKk/hqdefault.jpg?sqp=-oaymwEcCNACELwBSFXyq4qpAw4IARUAAIhCGAFwAcABBg==&rs=AOn4CLCJARiwDh3HB6Eb1lUr9WvGHm6nTQ', 'https://i.ytimg.com/vi/eFPbYolftus/hqdefault.jpg?sqp=-oaymwEcCNACELwBSFXyq4qpAw4IARUAAIhCGAFwAcABBg==&rs=AOn4CLB5wACO2gcPhtW8rqwXxYvcTC0YoQ']","['https://www.youtube.com/redirect?event=channel_banner&redir_token=QUFFLUhqbEh5WUpIczM5ckhJblNmMHN1OVVMdWhRcHpDQXxBQ3Jtc0tsZ0EzOVMxS3B3djJnVHlnX3ZVd0RLTk8ycEI0M1IxN2JWc05lSFdUelBLUVpsOUM0ZHlPRm02VUFYNzNqakFMSndyY0JTNXJkbUZqdmNtYzF4VTBOQjd0MjczQlZleDJyOWdPdTF6YmNNaF94NEhpYw&q=https%3A%2F%2Fwww.instagram.com%2Forangebrained%2F', 'https://www.youtube.com/redirect?event=channel_banner&redir_token=QUFFLUhqa1h6Y1BGZjZmemJSbExITHVnQ1JxeV91eEF1UXxBQ3Jtc0tuZ3d6c2Z6WHMwb1BST2N4LTl0aWdndkQ1VG5wUXc0bTBqM1YzTjA0YndUMDJHX2hVQkFNNG5jNmxXelhFNzRuS3h5Tk5FdHE5Z0FQU1lRcS0wZm5ITUI4QWVueDVMTGJKdmIybFdETVNZeWUxREdqNA&q=http%3A%2F%2Fvk.com%2Fthisishorosho', 'https://www.youtube.com/redirect?event=channel_banner&redir_token=QUFFLUhqbm9HS2ttSEJTSzRYc2U1REF2dVBSQ3hmcWg1d3xBQ3Jtc0tuckFXZUhUdW5yTlNBUzd6ZHR1elRUQjRpRTBwazQzbk9McDFkZng4a0pQaTVTUGhWejdmVTRWNUc1QnkxdC1XRWlkVXlCMXh6WDhVMHdNdTFuQk9uY2hNSmx4LXpEUmJTY096c0pwR08yQzNIdDhIWQ&q=http%3A%2F%2Ftwitter.com%2FThisIsHorosho', 'https://www.youtube.com/redirect?event=channel_banner&redir_token=QUFFLUhqa08wdWRGRF9iQ0l3M29vWHZRT1dsSzBMd09jd3xBQ3Jtc0treERKWS11eWN1TjAxSkxQMHFBME8wS29FSk1MckV5Z3FKYWVaTlZJRXMzOGdGRmFfNkxhWWRXOTV0cUZWTnI3ek9EQ3VGc245ajB0Z3JxaEZBd3dvT1gweExwVFFELWR5TThfcVctck5KQ1JjYVJqYw&q=http%3A%2F%2Fwww.facebook.com%2FThisIsHorosho']","['Instagram', 'ВКонтакте', 'Twitter', 'Facebook']"
Gaming,Youtube,https://yt3.googleusercontent.com/B7I_cNRcYewhQdvmlAnkl6GFDITKQJJUkjzMq2VIIHKgBC_P0O2dYyUNIc0uZ5b3THB6Lkgrqw=s176-c-k-c0x00ffffff-no-rj,UnspeakableReacts,https://www.youtube.com/channel/UCKYb5XBe-5OSEgLijLSoDtw/about,United States,11.4M subscribers,2.5K,"Description
Welcome to Unspeakable Reacts! James and Gabe reacts to their favorite videos.

SUBSCRIBE ➡ http://bit.ly/SUB2UNSPEAKABLE","Oct 10, 2012","5,032,039,312 views",,"['https://www.youtube.com/watch?v=neVr6c5OySE', 'https://www.youtube.com/watch?v=WQTnqmwz6uo', 'https://www.youtube.com/watch?v=MBChpOC-03M']","['27 Craziest Animal Attacks by UnspeakableReacts 5 days ago 9 minutes, 43 seconds 562,612 views', 'This Chef Destroyed his 5 Star Restaurant by UnspeakableReacts 7 days ago 9 minutes, 1 second 209,366 views', ""Worlds Funniest Fashion Fails You'll Never Forget by UnspeakableReacts 12 days ago 9 minutes, 45 seconds 159,311 views""]","['https://i.ytimg.com/vi/neVr6c5OySE/hqdefault.jpg?sqp=-oaymwEcCNACELwBSFXyq4qpAw4IARUAAIhCGAFwAcABBg==&rs=AOn4CLAlGzlQD48DmgH-wOzej0asyoNTEg', 'https://i.ytimg.com/vi/WQTnqmwz6uo/hqdefault.jpg?sqp=-oaymwEcCNACELwBSFXyq4qpAw4IARUAAIhCGAFwAcABBg==&rs=AOn4CLAgZtNoJbIzD14XVmTHFRbfZ2wbOg', 'https://i.ytimg.com/vi/MBChpOC-03M/hqdefault.jpg?sqp=-oaymwEcCNACELwBSFXyq4qpAw4IARUAAIhCGAFwAcABBg==&rs=AOn4CLACzO2WmJpoDhg-av1ECm1W_KYoZA']","['https://www.youtube.com/redirect?event=channel_banner&redir_token=QUFFLUhqa2lqOHR6WU5xV054LUFkMFY0bXM4b0d5YWQ1QXxBQ3Jtc0tsc0ZpMHhRdVlFdlRjLWRxeXdESlJEbWJPemw2TERxY3NHdzdKR1A5eU9QQkxyZjRjcXBiRjliZ1ZoLXhhVjJfUmY1ZkItaGg2VWdTT0NOb2ViN1lVQzc1bGdkclJWd2xKR3I3ZE8zeHBpUzUwUHd5RQ&q=https%3A%2F%2Fwww.instagram.com%2Funspeakable', 'https://www.youtube.com/channel/UC1n_yB_W-FZCbwajZPcs8Jw', 'https://www.youtube.com/redirect?event=channel_banner&redir_token=QUFFLUhqa2d5NEpuenZuOHg5SS1XUkZtbWJrYjlTSUtkZ3xBQ3Jtc0tsRFRUMGFLRXdxQkZnX291QmhRYUdscjZpUkwtUXpVTlRyNmlEVm5GbGdYU20yUmNwdmZrZW1QUDcyOFE2NmlPeHk1WjkwTVRYMVZEMGpwMTRRNUJwRWJ2M1pJeE5mY2FxeXdlVkhkV2lPMGlxbXBVVQ&q=https%3A%2F%2Fwww.tiktok.com%2F%40unspeakableplaysgames%3Flang%3Den', 'https://www.youtube.com/channel/UCwIWAbIeu0xI0ReKWOcw3eg']","['Instagram', 'Unspeakable Plays', 'Gaming Tiktok', 'REAL LIFE VIDEOS!']"
People & Blogs,Youtube,,FaZe Adapt,https://www.youtube.com/channel/UCi87kxosIT3wrnEA-mv4jWA/about,United States,5.96M subscribers,1.4K,"Description
My name is Alex I'm 22 Years old and I like to play video games...and do other fun stuff

Make sure to follow me on all my social medias!
Twitter: @FaZeAdapt
Instagram: TheFaZeAdapt
Snpachat: AdaptSnaps

TWITCH:
https://www.twitch.tv/adapt","Dec 14, 2011","1,279,565,237 views",,[],"['FaZe Adapt Responds to FaZe Clan Drama by FaZe Adapt 1 month ago 5 minutes, 40 seconds 396,123 views', 'I Let This Ex FaZe Member Join FaZe... by FaZe Adapt 7 months ago 15 minutes 318,444 views', ""My Reaction to FaZe Temperrr's RIGGED Fight! by FaZe Adapt 1 year ago 10 minutes, 46 seconds 201,030 views""]","[None, None, None]","['https://www.youtube.com/redirect?event=channel_banner&redir_token=QUFFLUhqbFJPY1puVDg5ZS1JTklsVzE3REgtbHNQekRQZ3xBQ3Jtc0tsZGJCN2lsdzZMMlg0TnphOEtVSzJaVkt1QzJQdW1NRFhBOEJQeGNLcldSbE4zanU5OXVoUEIwbkFBX3JaRTNYV1htaGtPVWY3YzFjVDlmVXZELUtJWnJBajNjaWlDcFZnOWQzalVBSllGQzV1ZzEtdw&q=https%3A%2F%2Ftwitter.com%2FFaZeAdapt', 'http://www.youtube.com/user/FaZeClan']","['Follow Me on Twitter!', 'FaZeClan']"
Gaming,Youtube,,skgames,https://www.youtube.com/channel/UCRhV-oIE9SLxRdop9C1hBbw/about,,10.7M subscribers,7,"Description
Traffic Racer is a milestone in the genre of endless arcade racing. Drive your car through highway traffic, earn cash, upgrade your car and buy new ones. Try to be one of the fastest drivers in the global leaderboards.

KEY FEATURES
- Stunning 3D graphics
- Smooth and realistic car handling
- 17 different cars to choose from
- 4 detailed environments: suburb, desert, snowy and city night
- 4 game modes: Endless, Two-Way, Time Trial and Free Ride
- Basic customization through paint and wheels
- Over 15 different models for traffic 
- Online Leaderboards and Achievements

* http://facebook.com/trafficracergame 
* http://twitter.com/TrafficRacer","Aug 31, 2012","353,156,480 views",,[],[],[],"['https://www.youtube.com/redirect?event=channel_banner&redir_token=QUFFLUhqbFJPY1puVDg5ZS1JTklsVzE3REgtbHNQekRQZ3xBQ3Jtc0tsZGJCN2lsdzZMMlg0TnphOEtVSzJaVkt1QzJQdW1NRFhBOEJQeGNLcldSbE4zanU5OXVoUEIwbkFBX3JaRTNYV1htaGtPVWY3YzFjVDlmVXZELUtJWnJBajNjaWlDcFZnOWQzalVBSllGQzV1ZzEtdw&q=https%3A%2F%2Ftwitter.com%2FFaZeAdapt', 'http://www.youtube.com/user/FaZeClan']","['Follow Me on Twitter!', 'FaZeClan']"
