Tag,Channel
music,@MusicLabChill
music,@MialsaMusic
music,@Pendohem
music,@MrMoMoMusic
music,@DreamhopMusic
music,@cafemusicbgmchannel
music,@rockmusiccollection4332
music,@discomusic9273
music,@habanamusic1634
music,@miraclemusic2328
music,@ZJSTV-Music
music,@ChillhopMusic
music,@coastmusic2573
music,@PMBMusic
music,@awakeningrecords
music,@musicmeetsheaven
music,@espressomusic
music,@StarbucksMusicCollection
music,@angelhealingmusic1993
music,@SpaceRelaxMusicChannel
music,@YellowBrickCinema
music,@cozyjazzmusic9431
music,@catslovemusic
music,@chillcafemusic
music,@nonstopmusic9993
music,@VersusMusicOfficial
music,@CollegeMusic
music,@relaxchilloutmusic
music,@Gi_FMusic
music,@motownjazzmusic3795
music,@EpicMusicVN
music,@kj-chinesehotmusic4540
music,@smoothjazzmusic4737
music,@hikoonmusic5257
music,@Deepfocusmusicforstudy
music,59.9K subscribers
music,@MindSpiritRelaxationwithMusic
music,@BigBearClassicalMusic
music,@MangoTV-Music
music,@musiclife5278
music,@relaxmycat
music,@YataoMusic
music,@rockmusic9155
music,@mtclassicmusicbox1450
music,@ineedmusic2643
music,@MeditationRelaxation-Music
music,@GreatMusicLA
music,@4K8-Music
music,@adityamusic
music,@DonnerDeal
music,@djlarissamusic1277
music,@annasharpmusic3419
music,@music-ly1of
music,@randymusic665
music,@laharimusicindia
music,@biemusic6783
music,@QPsMusicBox
music,@JTBCMusic
music,@sanmimusic5532
music,@fortlewiscollegemusic
music,114 subscribers
music,@MusicDiarie03
music,@soundofmountainmusic4858
music,@RAPMUSIC3000
music,@H3Music
music,@greenmusic_zurich
music,@peds_
music,@SyncMyMusic
music,@sweetmusicremembers4970
music,@LofiGirl
music,@cnumusic2189
music,@themusicmafia143
music,@UAFDepartmentofMusic
music,@musiccenterlosangeles
music,@lvcmusic4596
music,@tarantulamusic6166
music,@gospelmusic_channel
music,@mackiztamusicvlog6984
music,@silvercatmusic4543
music,@NIHAOMUSICOfficial
music,@LiveMusicRadio
music,@Music-rq4zo
music,@redflowermusic
music,@himalayamusicfountain5173
music,@tablaindianclassicalmusic
music,@carlo_music
music,@12music29
music,@zhengzaikan666
music,@CoffeeMusicTBM
music,@playmusic1747
music,@SACHINMUSICMOHWADIYA
music,@toxinmusic.
music,@sapphiremusicchannel8004
music,@cj03music40
music,@SyncMyMusic
music,@coldtransmissionmusic
music,@sweetmusicremembers4970
music,@cnumusic2189
music,@autumn-music446
music,@UAFDepartmentofMusic
music,@themusicmafia143
music,@LofiGirl
music,@musiclibrary721
music,@jvmusicpresents6587
music,@BeeGoodMusic
music,@harrisonbrown8892
music,@SonyMusicCpop
music,@DgMusic-BassBoosted
music,@SemitechAnimePianoMusic
music,1.07K subscribers
music,2.19K subscribers
music,@guptroyalmusic2351
music,@Bowsmin12
music,@stmusickurumgarh2082
music,@phuxrin
music,@Ramdhenumusic02
music,@cahaya-musicofficial3029
music,@mvmusic2198
music,@nmmusicltd289
music,@htrkmusic9122
music,@vivenrelaxmusic
music,@rick-ent-music4521
music,@ahimsaz
music,@thelegendsmusic3752
music,@dilaramusic7844
music,118M subscribers
music,@DrSelfridgeMusic
music,@akwacrossmusicvideos1922
music,@balletclassmusic7737
music,@trisolmusicgroup
music,@Relaxing-Music-For-You
music,@dchmusic4921
music,@rainringsmusicchannel4713
music,@raghavsinghmusic
music,47 subscribers
music,@UBDepartmentofMusic
music,@supermusicmix751
music,@parvinmusic
music,@neptuneroyaltyfreemusic9070
music,@jamboxhappymusic1
music,@musiclover-psigotico-tradu3796
music,@UVAMusic
music,@chinadjmusic
music,@C4DM
music,7 subscribers
music,@music-rv8yl
music,@BecauseTv
music,8 subscribers
music,@l.a.marzullimusic5986
music,@etsudepartmentofmusic3979
music,@diboamusic
music,3 subscribers
music,@TEKTONIKMUSIC
music,@hibymusic1566
music,@biemusic6783
music,@themusicandsportsshow9459
music,@minkomusic6618
music,
music,262 subscribers
music,@monkeybastardmusic
music,@ArchangelMusicVideos
music,@musicentertainment627
music,@mukeshmusicsantali9180
music,@IllinoisMusic
music,@listenbeatsmusic
music,128 subscribers
music,@hypermusic1069
music,@swagmusicchannel9664
music,189 subscribers
music,5 subscribers
music,
music,
music,4 subscribers
music,3 subscribers
music,@relaxmusic68
music,1 subscriber
music,2 subscribers
music,1 subscriber
music,@stetsonuniversityschoolofmusic
music,
music,3 subscribers
music,
music,1 subscriber
music,@TaiheMusicGroup
music,134 subscribers
music,@amoicucimusic5247
music,1 subscriber
music,45 subscribers
music,5 subscribers
music,@jzukimusic8047
music,
music,1 subscriber
music,320 subscribers
music,2 subscribers
music,27 subscribers
music,@kenychanmusic
music,
music,
music,1 subscriber
music,@REVIVALMUSIC
music,3 subscribers
music,
music,2 subscribers
music,
music,
music,
music,@MusicAssembly
music,870 subscribers
music,4 subscribers
music,@afro-music2512
music,@venkingmusic9104
music,
music,@OAIM
music,
music,4 subscribers
music,@musicatqueens
music,@UOregonMusicandDance
music,
music,
music,
music,235 subscribers
music,
music,
music,
music,
music,
music,
music,5 subscribers
music,
music,@coastmusic5490
music,13 subscribers
music,3.33K subscribers
music,
music,1 subscriber
music,
music,
music,
music,10 subscribers
music,
music,
music,5 subscribers
music,
music,
music,
music,
music,
music,
music,
music,@classicalandexperimentalmu320
music,
music,1 subscriber
music,@melomanmusic9529
music,
music,98 subscribers
music,
music,3 subscribers
music,1 subscriber
music,
music,
music,
music,6 subscribers
music,
music,
music,@YouTubeMusic
music,387 subscribers
music,
music,149 subscribers
music,6 subscribers
music,4 subscribers
music,
music,
music,@theohiostateuniversityscho6470
music,1.08K subscribers
music,136 subscribers
music,
music,
music,
music,58 subscribers
music,12 subscribers
music,@NovaaMusic
music,1 subscriber
music,
music,19 subscribers
music,3 subscribers
music,
music,4 subscribers
music,68 subscribers
music,
music,
music,@tomsmusiclessons
music,6 subscribers
music,1 subscriber
music,3 subscribers
music,4 subscribers
music,
music,
music,
music,17 subscribers
music,3 subscribers
music,125 subscribers
music,1 subscriber
music,
music,1 subscriber
music,
music,
music,2 subscribers
music,@UNCDepartmentofMusic
music,
music,76 subscribers
music,
music,11 subscribers
music,
music,
music,
music,8 subscribers
music,
music,1 subscriber
music,
music,2 subscribers
music,23 subscribers
music,1 subscriber
music,27 subscribers
music,@chineseancientmusic9847
music,@CopyCat001178
music,
music,15 subscribers
music,102 subscribers
music,
music,@BensMusicYT
music,@classicrockmusic3135
music,
music,11 subscribers
music,@UNMMusic
music,1 subscriber
music,
music,
music,
music,3 subscribers
music,
music,90 subscribers
music,@universityofwyomingdepartm2013
music,
music,
music,
music,3 subscribers
music,
music,1 subscriber
music,@BensMusicYT
music,9 subscribers
music,49 subscribers
music,
music,@UNMMusic
music,4 subscribers
music,@musicclub4208
music,16 subscribers
music,
music,
music,2 subscribers
music,36 subscribers
music,3 subscribers
music,24 subscribers
music,@RPmusicclub-yi5tc
music,
music,
music,
music,1 subscriber
music,4 subscribers
music,3 subscribers
music,
music,5 subscribers
music,3 subscribers
music,
music,
music,
music,
music,14 subscribers
music,
music,
music,
music,165 subscribers
music,2 subscribers
music,21 subscribers
music,2 subscribers
music,
music,@marshalluniversityschoolof8278
music,1 subscriber
music,
music,
music,
music,
music,
music,
music,
music,2 subscribers
music,3 subscribers
music,
music,
music,
music,21 subscribers
music,
music,32 subscribers
music,
music,4 subscribers
music,5 subscribers
music,
music,
music,
music,1 subscriber
music,@livemusic4306
music,
music,350 subscribers
music,7 subscribers
music,10 subscribers
music,1 subscriber
music,
music,
music,
music,
music,1 subscriber
music,@icanmusic7024
music,2 subscribers
music,
music,1 subscriber
music,
music,4 subscribers
music,
music,
music,18 subscribers
music,
music,1 subscriber
music,1 subscriber
music,19 subscribers
music,
music,26 subscribers
music,
music,
music,1 subscriber
music,1 subscriber
music,
music,
music,
music,2 subscribers
music,
music,
music,
music,
music,1 subscriber
music,2 subscribers
music,6 subscribers
music,
music,
music,
music,
music,19 subscribers
music,
music,9 subscribers
music,
music,6 subscribers
music,1 subscriber
music,
music,
music,
music,1 subscriber
music,
music,
music,
music,2 subscribers
music,25 subscribers
music,
music,
music,
music,
music,3 subscribers
music,31 subscribers
music,3 subscribers
music,
music,68 subscribers
music,
music,
music,
music,
music,1 subscriber
music,
music,3 subscribers
music,
music,
music,2 subscribers
music,
music,
music,
music,
music,
music,
music,
music,
music,
music,
music,
music,
music,
music,
music,
music,6 subscribers
music,
music,
music,
music,
music,
music,
music,
music,
music,
music,
music,
music,
music,
music,2 subscribers
music,1 subscriber
music,1 subscriber
music,
music,
music,
music,10 subscribers
music,
music,
music,20 subscribers
music,
music,
music,1 subscriber
music,
music,
music,
music,
music,
music,1 subscriber
music,
music,2 subscribers
music,@yinyangmusicfestival9852
music,
music,@musiclinkbd
music,@vamesuandreimusic372
music,1 subscriber
music,1 subscriber
music,
music,
music,
gaming,@SemenixPcgaming
gaming,@zWORMzGaming
gaming,@joyofgaming3101
gaming,@lukedavidsongaming
gaming,@CamodoGaming
gaming,@EchoRidgeGaming
gaming,@GamingHistorian
gaming,@arrloogaming
gaming,@KendallGrayGaming
gaming,@xQcGaming
gaming,@IWinToLose
gaming,@erwingaming2002
gaming,@AngryBirdsGaming
gaming,@ASMRGamingNews
gaming,@MessYourselfGaming
gaming,@mrbeastgamingespanol
gaming,@TakaFanGaming
gaming,@HizovinGaming
gaming,@100hpGaming
gaming,@fredericma45gaming63
gaming,@PITCH_SG
gaming,@SuggestiveGaming
gaming,@GamersNexus
gaming,@JustmaikoGaming
gaming,@TotalGaming093
gaming,@Chisgule
gaming,@mrbeastgamingbrasil
gaming,@NamTeGaming
gaming,@Strat_Gaming
gaming,@SkvalaGaming
gaming,@Indigo_Gaming
gaming,@SourceGamingInfo
gaming,@NexaTerraGaming
gaming,@OuraGaming
gaming,@GhostfireGaming
gaming,@Channel5Gaming
gaming,@thatyoutubefamilygaming
gaming,@BigDanGaming
gaming,@HudsonsPlaygroundGaming
gaming,@mrbeastgamingespanol
gaming,@mylifeingaming
gaming,@BeeFamilyGaming
gaming,@MortismalGaming
gaming,@AndosGaming
gaming,@casptorgaming3418
gaming,@LearnCodeByGaming
gaming,@MathChief
gaming,@Preachgaming
gaming,@petermcgaming
gaming,@TopHatGamingManChannel
gaming,@gamingboulevard
gaming,@SquatchGamingChannel
gaming,@snomangaming
gaming,@glp
gaming,@GamingCareers
gaming,@YippiGaming
gaming,@GetIndieGaming
gaming,@SOTYGaming
gaming,@kwaleegaming
gaming,@ReforgeGaming
gaming,@JONATHANGAMINGYT
gaming,@MisfitsGaming
gaming,@Mirror.Gaming
gaming,@LegacyGamingUS
gaming,@UnderdogsGaming
gaming,@robbiecgaming
gaming,@HavocGaming
gaming,@TribeGaming
gaming,@GamingRulesVideos
gaming,@RealisticGaming
gaming,@KendallGrayGaming
gaming,@FalseSwipeGaming
gaming,@GamingWithAbyss
gaming,@TBAG
gaming,@OpTicGaming
gaming,@AmazonPrimeGaming
gaming,@rollocubinggaming6378
gaming,@SPDGamingOfficial
gaming,@Pyrerealmgaming
gaming,@SuzieGaming
gaming,@HawkesGaming
gaming,@GregRenkoGaming
gaming,@LaKavaGaming
gaming,@ZMDE
gaming,@EULGamingYT
gaming,@BoidGaming
gaming,@RedBandanaGaming
gaming,@ucg
gaming,@BADASSGAMING
gaming,@ECHO-Gaming
gaming,@CKNGaming
gaming,@Senpai
gaming,@SkylightzGamingYT
gaming,@orangejuice
gaming,@RoplexGaming
gaming,@CoffeeFuelledGaming
gaming,@LittleBuddiesGaming
gaming,@BusttheNet
gaming,@BarryGaming
gaming,@MarkArmstrongGaming
gaming,@marsgamingEN
gaming,@GamingMobileGM
gaming,@SleevelessGaming
gaming,@oraboxgaming
gaming,@MrZebraGamer
gaming,@GachaGamerYouTube
gaming,@VideoGameDataBank
gaming,@GamingGangs
gaming,@EricksonGaming
gaming,@SoulFoxGaming
gaming,@RittoGaming
gaming,@square-table-gaming
gaming,@TheFrustratedGamer
gaming,@DeadwaterGaming
gaming,@GallantGaming
gaming,@karpogaming
gaming,@FacePCGaming
gaming,@daxuagaming3672
gaming,@KlausGaming1
gaming,@ArmorGamingXD
gaming,@SopoSquadGaming
gaming,@FMRadioGaming
gaming,@aburobgaming
gaming,@TGW
gaming,@brandonstilleygaming
gaming,@JHCGaming
gaming,@GeekGamingScenics
gaming,@ScarLosBeautyandGaming
gaming,@ASQDGAMING
gaming,@DestiniGaming
gaming,@KesGaming
gaming,@LexnosGaming
gaming,@KairosGaming
gaming,@lightskingamingGTA
gaming,@VonOrdonaYT
gaming,@PacersGaming
gaming,@GamingGangs
gaming,@MrZebraGamer
gaming,@EricksonGaming
gaming,@GachaGamerYouTube
gaming,@SoulFoxGaming
gaming,@square-table-gaming
gaming,@RittoGaming
gaming,@DieselDesigns
gaming,@TheFrustratedGamer
gaming,@FreshGaming
gaming,@GallantGaming
gaming,@karpogaming
gaming,@GladleyGaming
gaming,@MaddenCompetitiveGaming
gaming,@HoodGamingUK
gaming,@DriftyG
gaming,@rarebit
gaming,@HotPepperGaming
gaming,@RagingRaccoonGaming
gaming,@PriGaming
gaming,@WowSuchGaming
gaming,@Rubypengaming
gaming,@WhitehatGaming
gaming,@RivalZoneGaming
gaming,@NappyBoyGaming
gaming,@RoBoRoB
gaming,@TStingray
gaming,@Rolakek
gaming,@GAMING4LIFE247
gaming,@TEBGamingOfficial
gaming,@Bang4BuckPCGamer
gaming,@katkatgaming
gaming,@FamilyFriendlyGaming
gaming,@ajjeffygaming
gaming,@ingeniousclown
gaming,@SirSpatsGaming
gaming,@KrontenGaming
gaming,@DaveGaming
gaming,@CensoredGaming
gaming,@PredatorGaming
gaming,@Unified-Gaming
gaming,@GamingCuriosApex
gaming,@WindowsCentralGaming
gaming,@Top10GamingChannel
gaming,@SirMooseGaming
gaming,@SpacestationGaming
gaming,@fredericma45gaming63
gaming,@RedheadGaming
gaming,@MixiGaming89
gaming,@Luminosity
gaming,@IronworkerGaming
gaming,@ColdBrewGaming
gaming,@BKCGgamingYT
gaming,@davivascsgamingjourneys4431
gaming,@TimGaming6886
gaming,@GrowYourGamingChannel
gaming,@generalistgaming
gaming,@JkTechG
gaming,@EchoRidgeGaming
gaming,@DeadwaterGaming
gaming,@CRPGaming
gaming,@VinoGamingTamil
gaming,@VFireGaming
gaming,@HHGamingNetwork
gaming,@RunGamingYT
gaming,@RagingRaccoonGaming
gaming,@CaffeinatedDad
gaming,@FryEmUpGaming
gaming,@KayGaming
gaming,@SqueezieGaming
gaming,@somebrosgaming
gaming,@MilitiaGamingCommunity
gaming,@KFCGaming
gaming,@NerfGamingNews
gaming,@AQEELGAMING
gaming,@GamingBroductions
gaming,@sofasupastargaming
gaming,@CarlayleeHDGaming
gaming,@CinematicSeriesGaming
gaming,@CollisionSeries
gaming,@nesamanigaming
gaming,@OAGamingGR
gaming,@NoobossGamingBD
gaming,@kylehillgaming
gaming,@htcgaming
gaming,@StrangeRebelGaming
gaming,@SportGamingLive
gaming,@honeypuugaming
gaming,@dtgaming5546
gaming,@GWBShow
gaming,@hittamizhagaming45
gaming,@abhigaming
gaming,@GamingCuriosOverwatch
gaming,@CarbonFinGaming
gaming,@LittlestSnail
gaming,@rizagaming2618
gaming,@legendsofgamingnl
gaming,@Thesecretcabal
gaming,@Vamsinanigamimg
gaming,@TFSGaming
gaming,@ThanioruvalGaming
gaming,@MittGaming
gaming,@MSIGamingOfficial
gaming,@GrizzleyGangGaming
gaming,@GamingFollow
gaming,@AsmongoldGaming
gaming,@LEGOGaming
gaming,@SeigenGaming
gaming,@kANGaming
gaming,@HypeSquadRoblox
gaming,@SuperCarlinGaming
gaming,@GamingInnovationGroup
gaming,@dailydoseofgaming9769
gaming,@NaskaGaming54
gaming,@WildDragGaming
gaming,@intelgaming
gaming,@cammycakesgaming
gaming,@botimegaming
gaming,@IntelligentGaming2020
gaming,@GamingAfterBed
gaming,@MasomoGaming
gaming,@WickedGamerCollector
gaming,@xynodegaming
gaming,@Akofena
gaming,@LiteWeightGaming
gaming,@gaming
gaming,@GoodOldDaysGaming
gaming,@StudentsofGaming
gaming,@mariosgamingworld9311
gaming,@PalaeocastGamingNetwork
gaming,@StankieGaming
gaming,@tri-clawgaming7682
gaming,@4FSGaming
gaming,@CrumbsGaming
gaming,@PandeyGaming007
gaming,@seeshellgaming6883
gaming,@HatFilmsGaming
gaming,@PolkastarterGaming
gaming,@BramBeardGaming
gaming,@JokerGaming69
gaming,@QuarbitGaming
gaming,@GamingCurios
gaming,@SunnyCloudGaming
gaming,@SnipeGamingTV
gaming,@CeaveGaming
gaming,@MayurGamingClips
gaming,@steelorsegaming
gaming,@BluegamingPubg
gaming,@bytarifagaming
gaming,@SokherGamer
gaming,@GlockGamingYt
gaming,@Mzpandagaming
gaming,@laddixgaming2357
gaming,@TeluguDostGaming
gaming,@HRgaming
gaming,@roscoe_at_rfg
gaming,@fishstickonastick-gaming
gaming,@DoubleGaming21
gaming,@gamingafterbedtime
gaming,@GVG
gaming,@AronAztekGaming
gaming,@Launcher
gaming,@SuicidalGaming28
gaming,@misspinkeeyt
gaming,@longbrowgaming2772
gaming,@OnChainGaming
gaming,@hipp.gaming
gaming,@BoardGamingRamblings
gaming,@NaughtyGaming-
gaming,@GnarlyCarleyGaming
gaming,@KingStixGaming
gaming,@YGamingYuvraj
gaming,@FireEyesGaming
gaming,@CarpoolGaming
gaming,@wkgaming9371
gaming,@IXGaming
gaming,@aboalroodgaming231
gaming,@MissSnap
gaming,@CoreAGaming
gaming,@TypicalGamer
gaming,@CGQuarterly
gaming,@GamingPathshalaOP
gaming,@PsychoghostGaming
gaming,@TheRetroHourPodcast
gaming,@SeasonedGaming
gaming,@pReviewdGaming
gaming,@PrettexGaming
gaming,@VebvGaming
gaming,@manjiw_gaming
gaming,@Z1Gaming
gaming,@MarMaxGaming
gaming,@funnygamingtv9779
gaming,@GamingHarryYT
gaming,@NotAGamerGaming
gaming,@vasanthtamilgamer
gaming,@StantinGaming
gaming,@GAMINGWITHPAHADI
gaming,@FrostbiteGaming
gaming,@HiteshKSHindiGaming
gaming,@BucketHeadGaming2002
gaming,@BoomboGamingBM
gaming,@AbuSrwal96
gaming,@NeebsGaming
gaming,@NighTcoreFC
gaming,@DoubleBarrelGaming
gaming,@OverlordGaming
gaming,@KvleofficialGaming
gaming,@MissClickGaming
gaming,@PokeVenger
gaming,@UPspecGaming
gaming,@StarBorneGaming
gaming,@k1gm
gaming,@4x4gaming
gaming,@DobbsGaming
gaming,@OnlydravenGaming
gaming,@ApollyonGaming
gaming,@PassionOfGaming
gaming,@reapergaming-2730
gaming,@CamodoGaming
gaming,@BusyDadGaming
gaming,@PSI-Gaming
gaming,@WickGaming
gaming,@maalbro
gaming,@ZamfamGaming
gaming,@ArekkzGaming
gaming,@ECHOGamingDiablo
gaming,@BBGAMINGPRO
gaming,@GamingInsects
gaming,@NavritGamingExtraa
gaming,@gamingtamizhan29
gaming,@HipsterGaming
gaming,@SnehilopGaming
gaming,@FatihGAMINGYT
gaming,@RockstarGaming_Official
gaming,@ASGamingsahil
gaming,@Incursus
gaming,@shashagaming2969
gaming,@RoyaltyGaming1
gaming,@Cod_rezagaming
gaming,@TheHistoryGuy
gaming,@JKrewGaming
gaming,@gamingwithshivang
gaming,@rania_gaming
gaming,@RISHIGAMING62
gaming,@ForceGamingYT
gaming,@XennialGamer
gaming,@ShadowGamingGta5
gaming,@GamingOffTheGrid
gaming,@RONGAMING72
gaming,@BeastSapro
gaming,@tagarugaming
gaming,@GameToonsGaming
gaming,@munnogaming
gaming,@itswhateverok
gaming,@VeryNuclearGaming
gaming,@GLIDGaming
gaming,@WIREDGAMING
gaming,@piyushjocgaming
gaming,@GReimerGaming
gaming,@NavritGaming9
gaming,@Zgamingofficial
gaming,@tyro_gaming
gaming,@MohiTGaminGWorlD
gaming,@FalinStarGaming
gaming,@LakaGamingz
gaming,@1UpGamingvideos
gaming,@casperrgaming7827
gaming,@TondeGamer
gaming,@GamingAura
gaming,@RakaZoneGaming
gaming,@Superraregaming
gaming,@IamBoltGaming
gaming,@LOKESHGAMER
gaming,@NonstopGaming_
gaming,@QAYZERGAMING
gaming,@NorrisNutsGaming
gaming,@MayurGaming
gaming,@StephenSharerGaming
gaming,@EvanandKatelynGamingUncut
gaming,@ThorGaming77
gaming,@NODWINgaming
gaming,@HulksdenGaming
gaming,@Soulhector
gaming,@BlackClueGaming
gaming,@MrBeastGaming
gaming,@OKEHGamingTV
gaming,@WiseGamingYT
gaming,@MayaClaraGaming
gaming,@KCityGaming
gaming,@AntaryamiGaming
gaming,@OnespotGaming
gaming,@NotBoredGaming
gaming,@BindassLaila
gaming,@athenagamingyoutube
gaming,@DhanuDinoo
gaming,@TeddyGaming
gaming,@HappyPrinceGaming
gaming,@BilashGaming
gaming,@hsgaming67
gaming,@Officiallmayank
gaming,@lawofthewestgaming
gaming,@MaDzGaming
gaming,@GamingFreak21
gaming,@brgaming
gaming,@sksabir-gaming
gaming,@Thegamingmerchant
gaming,@PrashGaming
gaming,@JayHindiGaming
gaming,@DynamoGaming
gaming,@NeonityGaming
gaming,@JONTYGAMING
gaming,@LoLzZzGaming
gaming,@SMRGAMING
gaming,@PAYALGAMING
gaming,@BoomstickAlex
gaming,@SnaxGaming
gaming,@RonGamingLive
gaming,@AmininferNo
gaming,@RupendraGaming
gaming,@HerGaming
gaming,@MyGamingGarden
gaming,@NFLTNG
gaming,@SumoGaming
gaming,@DesiGamers_
gaming,@GamingGeneration
gaming,@Akshugaming
gaming,@GamingIndoors
gaming,@arkblowoutgaming
gaming,@dudeperfectgaming
gaming,@ZGODGAMING
gaming,@JudoSloth
gaming,@GyanGaming
gaming,@Munnabhaigaming
gaming,@TSG-Fish
gaming,@indiatodaygaming
gaming,@JohnnysGamingRoom
gaming,81.6K subscribers
gaming,@Gaming_Factory
gaming,@nonzahgaming3700
gaming,@w47k3rg4m1ng
gaming,@nerdstalgicgaming
cooking,@cookingwithlynja
cooking,@CooKing1
cooking,@Felu
cooking,@animalcooking
cooking,@Chaye-2023
cooking,@horrorcooking3865
cooking,@LifeCooking
cooking,@Cooking_tree
cooking,@ancooking
cooking,@CookingConClaudia
cooking,@LEGOCOOKING
cooking,@dinocooking1313
cooking,@CookwithMel1
cooking,@homecooking101
cooking,@TheCookingFoodie
cooking,@IslandVibeCooking
cooking,@hilahcooking
cooking,@cookingbakinglane8043
cooking,@CookWithAussie
cooking,@CookingwithSammy
cooking,@crazycooking1985
cooking,@YEUNGMANCOOKING
cooking,@cookingbyeme712
cooking,@LivelyCooking
cooking,@donganhminicooking5796
cooking,@sweetaanitacookingchannel5686
cooking,@gogocooking2387
cooking,@CookingByShainaz
cooking,@CookingBbpinaymix
cooking,@CollardValleyCooks
cooking,@cookingbykavitha636
cooking,@roshnicooking
cooking,@andy_cooks
cooking,@kodakcooking
cooking,@fuwafuwa.cooking
cooking,@cookwithnoorspecial
cooking,@CookWithParul
cooking,@Cookingstation
cooking,@cookingwithhoangyen1651
cooking,@cookingwithsakshiGupta
cooking,@MemasakCooking
cooking,@alfredshomecookingatbp7561
cooking,@Kainatmudassar
cooking,@cooking_spot_1
cooking,@CreativeCookingbyDrKajal
cooking,@RockinRobinCooks
cooking,@utthanhcooking
cooking,@lylycooking2647
cooking,@simplehome278
cooking,@nidhissimplecooking
cooking,@cookingwithswad
cooking,@mysimplecookingtips7090
cooking,@cookingwithsunidhi4614
cooking,@kidist936
cooking,@cookingwithmommysweet905
cooking,@SariyasCooking
cooking,@felycaballero2096
cooking,@Reshmabaigkitchencooking
cooking,@cookingwiththesmiths1188
cooking,@vanitahariacookingandcosme7255
cooking,@Cookwithnandnithakur
cooking,@cookingwithdog
cooking,@aapiscooking
cooking,15 subscribers
cooking,@helencooking
cooking,@KritivityIn
cooking,@jibbab_yori
cooking,@bakemydaycookingstudio
cooking,@cookingmelangery6023
cooking,@jugalpradhan9650
cooking,@AmetafVlogs
cooking,@SimpleCookingandGames
cooking,@Carliscooking
cooking,@cookingwithalmaswd
cooking,@MommyEdnasCooking
cooking,@SmokinandGrillinwithAB
cooking,@cookingwithsamreenarshad
cooking,@dawnkeecooking9065
cooking,@neshasherincooking99
cooking,@koreanhomecooking
cooking,@Cookingwithkawish
cooking,@TheCookingFoodieIsrael
cooking,@cookinglees
cooking,@paulcook432
cooking,@loverboycooking2850
cooking,@GregCookPhotography
cooking,@apexcook5804
cooking,@5MinuteRecipesOfficial
cooking,@enjoycookingwithbong6048
cooking,@VuongAnhsCookingJourney
cooking,@ramonascooking1053
cooking,@calixtoserna-mexicocooking5842
cooking,@cookingwithshaistabajji
cooking,@HuongbuiDe155
cooking,@Cookwithnandnithakur
cooking,@aapiscooking
cooking,@cookingwithdog
cooking,15 subscribers
cooking,@helencooking
cooking,@KritivityIn
cooking,@ascokingVlogs
cooking,@CookingwithRubyy
cooking,@pinoycookinganj8106
cooking,@bakemydaycookingstudio
cooking,@jibbab_yori
cooking,@CookingTV97
cooking,@jugalpradhan9650
cooking,@Carliscooking
cooking,@HomeCookedAbroad
cooking,@SimpleCookingandGames
cooking,@shehzadicookingroutine
cooking,@ASQ321
cooking,@cookingwithnarges12
cooking,@CookWithMikey
cooking,@COOKINGFOODUSA491
cooking,@cookleighton-courtroom1028
cooking,@cookthebookbets
cooking,@syuncooking
cooking,@TheHillbillyKitchen
cooking,
cooking,
cooking,@cookingreunion4321
cooking,@jyotikitchencooking442
cooking,@CookingWithSumairaImtiyaz786
cooking,@aliascooking7956
cooking,@cookingwithfatema3956
cooking,@tastetimecooking1065
cooking,@cookingwithmaham113
cooking,@cookingwithmr.d1173
cooking,@GenieBDelishus
cooking,@paulynscooking7770
cooking,@cooking-rs2si
cooking,@cookingfever-R
cooking,@CrossCulturePointCook
cooking,@esraacooking5071
cooking,@yousuckatcooking
cooking,@cookingcooking1527
cooking,@cookmarkham-courtroom1018
cooking,@What_is_Cooking
cooking,
cooking,@hyderabadicookingwithheena
cooking,@mycookinggarden9533
cooking,@vatchannacookingfood
cooking,@zoyacooking3350
cooking,@cookingwithmrs.carmob1393
cooking,@istuzhang
cooking,
cooking,@zellencookingparadise
cooking,@engineerscooking
cooking,@CookinghousebyAmena
cooking,@CookingandvloggingwithAniket
cooking,3 subscribers
cooking,22 subscribers
cooking,@milacooking9221
cooking,@NYTCooking
cooking,
cooking,@HometownCooking111
cooking,@Hoor7865
cooking,@Cook.Hacking
cooking,@cookingwithkeenan5606
cooking,@VillageCookingChannel
cooking,
cooking,@cookingtaleswithneelam4813
cooking,@LearnCooking-001
cooking,2 subscribers
cooking,@shortcutcookingchannel9885
cooking,@cookingwithkna
cooking,@pastagrannies
cooking,
cooking,@ranjitadash6536
cooking,@AnjuAmod-mu3wu
cooking,@cookingexpresswithdoyal
cooking,@joannecooking43
cooking,
cooking,@lynzeecoockingtips
cooking,@easycookingCHNfood
cooking,@cookingwithpenny5258
cooking,@ProHomeCooks
cooking,
cooking,@nscookingplace3526
cooking,
cooking,@buttcookingrecipes6583
cooking,
cooking,@CookingWithRimpoo
cooking,@simplecooking777
cooking,@CookingShortsHD
cooking,
cooking,21 subscribers
cooking,@doughcooking
cooking,
cooking,14 subscribers
cooking,
cooking,
cooking,
cooking,@ycooking3897
cooking,@mincooking50
cooking,
cooking,
cooking,@soulascooking7041
cooking,@mycookingskillsandvlog
cooking,@MGDesiCooking
cooking,@cookingbyshaheen
cooking,@rajshreecookingvlogs
cooking,@melindatacalandeeks181
cooking,
cooking,
cooking,@dormlifehackscookinginaric2065
cooking,
cooking,@CookingwithKamlesh
cooking,
cooking,
cooking,
cooking,1 subscriber
cooking,@easycookingwithsiya4256
cooking,
cooking,
cooking,
cooking,@cookingwithhaniya3274
cooking,
cooking,
cooking,
cooking,
cooking,
cooking,5 subscribers
cooking,
cooking,@Nsfamilycookingvlogs
cooking,
cooking,
cooking,@yuicooking
cooking,
cooking,
cooking,@cathytree
cooking,7 subscribers
cooking,
cooking,
cooking,4 subscribers
cooking,
cooking,
cooking,
cooking,
cooking,
cooking,
cooking,
cooking,
cooking,
cooking,
cooking,@ushakhanduri04
cooking,
cooking,
cooking,
cooking,
cooking,
cooking,
cooking,
cooking,
cooking,
cooking,@authenticchinesecooking
cooking,
cooking,@snehacooking9285
cooking,
cooking,1 subscriber
cooking,
cooking,
cooking,
cooking,
cooking,
cooking,
cooking,@cornersidecooking5794
cooking,
cooking,
cooking,
cooking,
cooking,
cooking,
cooking,1 subscriber
cooking,
cooking,
cooking,
cooking,
cooking,
cooking,1 subscriber
cooking,11.5K subscribers
cooking,@uzmarasheed8640
cooking,
cooking,
cooking,
cooking,
cooking,
cooking,
cooking,1 subscriber
cooking,1 subscriber
cooking,
cooking,
cooking,
cooking,
cooking,76 subscribers
cooking,1 subscriber
cooking,
cooking,
cooking,
cooking,
cooking,
cooking,
cooking,
cooking,1 subscriber
cooking,
cooking,
cooking,1 subscriber
cooking,
cooking,
cooking,
cooking,
cooking,
cooking,1 subscriber
cooking,
cooking,
cooking,
cooking,@CookingWithKimi
cooking,
cooking,
cooking,2 subscribers
cooking,
cooking,
cooking,6 subscribers
cooking,
cooking,
cooking,
cooking,
cooking,1 subscriber
cooking,
cooking,
cooking,
cooking,
cooking,
cooking,1 subscriber
cooking,
cooking,@kajalbasanteasycooking4301
cooking,
cooking,
cooking,
cooking,
cooking,
cooking,
cooking,
cooking,
cooking,
cooking,
cooking,
cooking,
cooking,@Livingandcooking
cooking,
cooking,
cooking,
cooking,
cooking,@asrawith.cooking2495
cooking,
cooking,1 subscriber
cooking,2 subscribers
cooking,4 subscribers
cooking,
cooking,
cooking,3 subscribers
cooking,
cooking,
cooking,
cooking,1 subscriber
cooking,
cooking,
cooking,
cooking,1 subscriber
cooking,
cooking,
cooking,
cooking,
cooking,
cooking,
cooking,
cooking,
cooking,2 subscribers
cooking,
cooking,
cooking,
cooking,@asrawith.cooking2495
cooking,
cooking,
cooking,1 subscriber
cooking,1 subscriber
cooking,
cooking,
cooking,
cooking,
cooking,
cooking,
cooking,4 subscribers
cooking,
cooking,
cooking,1 subscriber
cooking,
cooking,
cooking,
cooking,
cooking,
cooking,
cooking,
cooking,
cooking,
cooking,
cooking,
cooking,
cooking,
cooking,@Cookingwithuzmaishaq
cooking,
cooking,
cooking,
cooking,
cooking,
cooking,
cooking,5 subscribers
cooking,
cooking,
cooking,
cooking,
cooking,
cooking,
cooking,
cooking,
cooking,
cooking,
cooking,
cooking,
cooking,
cooking,
cooking,
cooking,
cooking,
cooking,
cooking,
cooking,
cooking,
cooking,
cooking,
cooking,
cooking,@KBRVillage
cooking,@Cookingwithuzmaishaq
cooking,
cooking,
cooking,
cooking,
cooking,
cooking,
cooking,
cooking,
cooking,
cooking,
cooking,
cooking,
cooking,@sulekhawithcooking4013
cooking,
cooking,
cooking,
cooking,1 subscriber
cooking,
cooking,
cooking,
cooking,
cooking,
cooking,
cooking,
cooking,
cooking,
cooking,
cooking,
cooking,
cooking,
cooking,
cooking,
cooking,
cooking,
cooking,
cooking,
cooking,
cooking,
cooking,
cooking,
cooking,
cooking,
cooking,
cooking,
cooking,
cooking,1 subscriber
cooking,
cooking,
cooking,
cooking,
cooking,
cooking,
cooking,
cooking,
cooking,1 subscriber
cooking,
cooking,
cooking,
cooking,
cooking,
cooking,
cooking,
cooking,
cooking,2 subscribers
cooking,
cooking,
cooking,
cooking,1 subscriber
cooking,
cooking,
cooking,
cooking,
cooking,
cooking,
cooking,
cooking,
cooking,
cooking,
cooking,
cooking,
cooking,
cooking,
cooking,
cooking,1 subscriber
cooking,
cooking,1 subscriber
cooking,
cooking,1 subscriber
cooking,
cooking,
cooking,
cooking,
cooking,
cooking,
cooking,
cooking,
cooking,
cooking,
cooking,1 subscriber
cooking,
cooking,
cooking,
cooking,
cooking,
cooking,@Justcookingvlogs
cooking,
cooking,
cooking,
cooking,@-saini.cooking
cooking,@Pinkyshomestylecookingvlog
cooking,
cooking,@jayanticookingandvloging934
cooking,
cooking,
cooking,
cooking,
cooking,
cooking,1 subscriber
cooking,1 subscriber
cooking,@kaurpreet3850
cooking,@rajishealthycookingvlogchannel
fashion,@businessoffashion
fashion,@jenfashion
fashion,@Fashionindustrybroadcast
fashion,@40OverFashion
fashion,@fashionwithvaleriya4145
fashion,@PeerCoxFashionRec
fashion,@fashionwow7319
fashion,@thefashionbusinesscoach
fashion,@Gemmawhattowear
fashion,@HomeGardenandFashion
fashion,@RoyalFashionNews
fashion,@regischooloffashion
fashion,@danenesfashion
fashion,@fashionplus40
fashion,@GeekonFashionKenya
fashion,@accountingforfashion
fashion,@cartoonfashion68
fashion,@fashion_museum_bath
fashion,@GlobalFashionAgenda
fashion,@PhillsFashion
fashion,@margaritafashionstudio405
fashion,@FashionBrief
fashion,@PASSIONFORFASHION1
fashion,@FashionRevolutionGlobal
fashion,@DrawLatinFashion
fashion,@heyfashion33
fashion,@FashionBreedVideos
fashion,@fashionstreak
fashion,@TheDigitalFashionGroupAcademy
fashion,@HeldBikerFashion
fashion,@FashionNova
fashion,@pop-upfashion6327
fashion,@AnjsFashion
fashion,@thevoiceoffashion7180
fashion,@fashiondesignershitalwith2671
fashion,@FashionGalleryX
fashion,@lolalizafashion9995
fashion,@fashioneast4676
fashion,@FashionByGeetaSharma
fashion,@fashiontrendseeker
fashion,@Manjslife
fashion,@neworderoffashion3393
fashion,@KhatoonFashionOfficial
fashion,@TCFashion1
fashion,@wfx-worldfashionexchange473
fashion,@Modafashiontm
fashion,@royaldailyteahistoryfashion
fashion,@BrazilImmersiveFashionWeek
fashion,@chamofashionhub8184
fashion,@zamakalefashion
fashion,@fashionwithkirthi7759
fashion,@FASHIONSTYLETV
fashion,@FashionBrandofficial
fashion,@Thelafashion
fashion,@fashioncrimespodcast2699
fashion,@Connect2Fashion
fashion,@mensfashionsl
fashion,@julahasfashion2411
fashion,@ShanfashionDesigner
fashion,@fashionglam14
fashion,@FashionSnoopsYT
fashion,1.52M subscribers
fashion,@WorldFashionChannel
fashion,@darkmenfashion
fashion,@annecoloretefashion
fashion,@ffashiontips
fashion,@fashionbylook
fashion,@fashionbarbie1398
fashion,@angelasfashionmix4988
fashion,@FashionlifestyleJ
fashion,@3dfashionsolutions
fashion,@fixingfashion
fashion,@RemisFashion
fashion,@Fashionand
fashion,@fashionhistorysessions
fashion,@popfashion7146
fashion,@fashion_museum_bath
fashion,@Maggieandbianca
fashion,@artslondonfashion
fashion,@ghorifashiondesigner
fashion,@fashionballoonsinc6589
fashion,@fashioniconritaora7560
fashion,@tasteoffashion5521
fashion,@mnkfashion4764
fashion,@SoCalledFashion
fashion,@budapestcentraleuropeanfas8224
fashion,@FASHIONINSIDERSCO
fashion,@FashionwithZN-I
fashion,
fashion,@Ilensfashion
fashion,@ninosfashionstateofmind
fashion,@RobinFashionDesigner
fashion,@psylofashion
fashion,@KriTiFashiondesigner
fashion,@SmartFashionlanka
fashion,
fashion,@JCFashionAndStyle
fashion,@fashiondream2259
fashion,@NOBLETEEFashion
fashion,@FashionTips
fashion,@poojafashionboutique
fashion,@perfectfitfashion9142
fashion,@StarBeautyFashion
fashion,@FashionHoarder
fashion,@CelleriGirlsFashion
fashion,@IndigenousFashionArts
fashion,@fashionwithme3248
fashion,@jashnifashiontrends597
fashion,@method4fashionportfolio
fashion,@Dizhafashion
fashion,@style.me.digitalfashion7112
fashion,@TamaraFashionstyles
fashion,@Fashion3D
fashion,@fehmidafashionboutique8525
fashion,@PomeloFashionCom
fashion,@fashionfocusrwanda5642
fashion,@fashionflare4813
fashion,@kumudfashiondesign8939
fashion,@rajshreefashion
fashion,@TheGolfFashionGuy
fashion,@elenaperseilfashion
fashion,@fashionfab
fashion,@honeyfashiontrends
fashion,@Dramafashion
fashion,@nsfashionsrilanka6445
fashion,@EatHealthyStayHealthy
fashion,@PassionnFashion45
fashion,@fashionangelwarrior
fashion,@catwalker.fashion
fashion,@FashionWhile
fashion,@BeautyAndfashionbysakshi
fashion,@Zeditrendyfashion
fashion,@ClassicBeaderFashionTrendss
fashion,@themjstudio-fashionchannel5403
fashion,@FashionCeesta
fashion,@fashiontodaynews4790
fashion,@Myover50fashionlife
fashion,@creative.fashion
fashion,@FashionWanderer
fashion,@FashionForwardAlways
fashion,@ClassicFashionJordan
fashion,@SuperArtsFashion
fashion,@fashionwithshaheen3855
fashion,@FashionDesignere
fashion,@ASFashion
fashion,@villiotifashion
fashion,@GeekonFashionKenya
fashion,@punjabifashiontrendswithsuman
fashion,@w_sfashion9443
fashion,@columbusfashionalliance254
fashion,@thefashioncitizen
fashion,@myfashionstudio629
fashion,@FashionLoverss
fashion,@Happyfashion
fashion,@fashionplus40
fashion,@fashionmechanics4672
fashion,@ToneFashion
fashion,@FashionSenseHawaii
fashion,@Sewingeducationcenter
fashion,@beverlyfashion3980
fashion,@glowingfashion7083
fashion,@Eighteen018
fashion,@RedWolfFashionGuide
fashion,@nbffashiondesigner7202
fashion,@margaritafashionstudio405
fashion,@royaldailyteahistoryfashion
fashion,@TheFashionArtAndDesigning
fashion,@fashionfusions
fashion,@AmandaHallayFashionHistory
fashion,@hunainfashionflare1571
fashion,@erexfashion
fashion,@Healthandfashion4230
fashion,@FashionNEXT
fashion,@stardoll
fashion,@slsfashionworld9028
fashion,@runway7fashion
fashion,@fashionmaker
fashion,@YemiOgeSchoolofFashion
fashion,@FashionBeauty786
fashion,@sarafashion6400
fashion,@fashiontrendsbysimran
fashion,@extensivefashion360
fashion,@fashiondesigner7085
fashion,@sustainablefashionforum238
fashion,@FashionOneTelevision
fashion,@FashionFilmFestival
fashion,@FashionTeaching
fashion,@transilvaniafashionfestiva7926
fashion,@fashionacademytamil
fashion,@FlauntYourFashion
fashion,@BadaltaFashion
fashion,@TheFashionTech
fashion,@FashionPixies
fashion,@gizmothegoatt
fashion,@LifeisFASHIONbyAKIRA
fashion,@CFDA
fashion,@fashioncommunityweek7352
fashion,@080barcelonafashion6
fashion,@FashionFoxArt
fashion,@ctf_jewel
fashion,@soniyalatestfashion
fashion,@gracedfashion
fashion,@fashionnfun
fashion,@bambinifashion9114
fashion,@ShakunFashionBeauty
fashion,@TheFashionRunUp
fashion,@BRfashion
fashion,@rebeccaartistryfashiondesign
fashion,@Thefashionclass
fashion,@NAFashion01
fashion,@preziosafashion6545
fashion,@fashionlove2838
fashion,@XeniaCrushova
fashion,@kmsfashion2825
fashion,@grupaFashion
fashion,@VibhasFashion
fashion,@HungarianFashionDesignAgency
fashion,@FashionDesignwithHannah
fashion,@TheFashionJogger
fashion,
fashion,
fashion,@AFASHIONCHANNEL
fashion,@Travelfashiongirl
fashion,@SonyAruTeluguChannel
fashion,@MrUBAFashionHome
fashion,@sanchetifashions
fashion,@sorifashion
fashion,@dtsfashion9915
fashion,@journeytowardsfashion
fashion,@WeddingFashionExpert
fashion,@THEGENTLEMANFASHIONTAMIL
fashion,@elitetrendyfashion
fashion,@theartandfashion
fashion,@POPxoFashion
fashion,@arihantfashion
fashion,
fashion,@TheFashionSherlock
fashion,@historyoffashion5258
fashion,@FutureFashionDesigners
fashion,@faithinfashion3156
fashion,@DharaFashion
fashion,@brooklynbeautyfashionlabo2243
fashion,@MansiLovesFashion
fashion,@fashioncity121
fashion,@masterindigitalfashioncomm9918
fashion,@PriyaJustKnowFashion
fashion,@thefashionnetwork7258
fashion,@fashiontribune1621
fashion,@suyashfashion3847
fashion,@FashionTalksGlobal
fashion,@FashionWizardry
fashion,@fashionschlub5086
fashion,@fashionhublk
fashion,@onetenfashion
fashion,@MrUnseen
fashion,@fashionupdated69
fashion,@TokyoFashionOfficial
fashion,
fashion,@digitalfashionweeknyc
fashion,@beautyfashionhairstyle4613
fashion,@houseoffashionDIY
fashion,@carleyjohnson-fashionconne1435
fashion,@fashionprodigy6050
fashion,@sarah_fashion_tips
fashion,@SavisFashionStudio
fashion,@MickiFashion
fashion,@libertyinstitutes
fashion,@fashionretailacademy
fashion,@Fashion4AllbyRahat
fashion,@pollardifashiongroup9903
fashion,@fashioncabin
fashion,@beautifulfashiondesigns1088
fashion,@FashionProfessor
fashion,@AradhanaFashion
fashion,@sonifashiontales
fashion,@RuvaFashion
fashion,@AkankshaFashion
fashion,@RohiniFashion
fashion,@FashionMusicRemakes
fashion,@Rashmilovesfashion
fashion,@ShreyaFashion
fashion,@CherryFashionandCreation
fashion,@FashionNick
fashion,@centralsaintmartinsfashion3613
fashion,@90sfashion29
fashion,@FashionTrendsOfficial
fashion,@ellafashion6757
fashion,@ForthePassionnotthefashion
fashion,@HeatherAndersonFashionOver40
fashion,@fashionboymj2570
fashion,@WomensFashionStyle
fashion,@fashionjunky
fashion,@puf_aquinohayquienviva
fashion,
fashion,@danenesfashion
fashion,@athensfashionclubfashionsc8796
fashion,@summerfashionweekend5495
fashion,@kristalfashion9825
fashion,@IndonesiaFashionWeekOfficial
fashion,@b.sfashion7395
fashion,@FashionMentorTV
fashion,@FashionWeekendSkopje
fashion,@fashionbeauty1004
fashion,@MillersFashionTV
fashion,@fashiondot
fashion,
fashion,@fit
fashion,@StoryTimeFashionEdition
fashion,@uniquefashionblogs
fashion,@lonefashionwolf5763
fashion,@fashionladies
fashion,@fashiondesigning
fashion,@KLMNFashionBeauty
fashion,@YUKAfashionChannel
fashion,@fashiondesignerveenatak475
fashion,@PanamaFashionWeek1
fashion,@sitashmafashion9153
fashion,@latestfashioncollection2856
fashion,@FashionTalksSL
fashion,@CRAFTDESIGNFASHION
fashion,@thefashionexperiment
fashion,@DoctorFashion
fashion,@FibyFashionCraft
fashion,@vijayafashions
fashion,@ntfashionpoint720
fashion,@Fashionclock
fashion,@KentStateSchoolofFashion
fashion,@rukshanafashion
fashion,@adisfashion
fashion,@zz_fashion_illustrator
fashion,
fashion,@gulsfashion
fashion,@capturingfashionwithkatie
fashion,@GlobalFashionWorkshop
fashion,@jeeva_fashion_boutique
fashion,@fedisafashionschool6688
fashion,@frankfurtfashionlounge7565
fashion,@Madhurafashionkatta
fashion,@IndianFashionTrendz
fashion,@LMLokessMaravi
fashion,@PragatiUptodateFashion
fashion,@muffestid
fashion,@stellynfashiontv
fashion,@FashionArtTorontoTV
fashion,@deepafashiondesign
fashion,@makeupandfashiondiaries
fashion,@SL_Fashion_Diary_ND
fashion,@fashiondesignstevewright2941
fashion,@MATAJIFASHION
fashion,@fashionandtextilemuseumlon863
fashion,@kirtisfashion2538
fashion,@CFashionEurope
fashion,@AnnieFashionPoint
fashion,@mayafashion4759
fashion,@AbsoluteFashionVaranasi
fashion,@arichitfashionstore365
fashion,@tldfashion
fashion,@NOORfashionworld
fashion,@FashionRoadman
fashion,@dickimchi
fashion,@BerlinAlternativeFashionWeek
fashion,@NeverFullyDressedFashion1
fashion,@italianfashionfromatoz3624
fashion,@FashionandStylenew
fashion,@LAKSHMIFASHIONWORLD
fashion,
fashion,@fashiontelevision
fashion,
fashion,@CelenaFashion
fashion,@mensfragranceandfashion8707
fashion,@SharaFashion247
fashion,@suseelafashionpoint1898
fashion,
fashion,@Ranneetifashionpoint
fashion,@ye80houseoffashion33
fashion,@FashionPassionStore
fashion,@Gildafashion
fashion,@mitravaishali
fashion,@ApurboFashionofficial
fashion,@ispyfashion_
fashion,@kiranfashioninn
fashion,@Late90sEarly00sFashion
fashion,@CathyOver50
fashion,@FashionBox121
fashion,@kenfashionjourney9943
fashion,@fkfashion6641
fashion,@TodayFashion
fashion,@shinefashion3629
fashion,@FashionRevolutionBrasil
fashion,@SUPERLEGSFASHION
fashion,@Desifashionworld
fashion,@LagosFashionWeek
fashion,@airaahmed
fashion,
fashion,@SophieShohetOfficial
fashion,@TheFashionSkater
fashion,@HaveYouHeardDolls
fashion,@fashionmood-penelope
fashion,@amritifashionvilla3608
fashion,@tgifnepalfashionweek8770
fashion,@DeRoseFashion100
fashion,@DigitalFashionPro
fashion,@ThoFaStyles
fashion,@tatsukifashion
fashion,@revesfashion8930
fashion,@MensFashionFiles
fashion,@PoliticsFashion
fashion,@RRtrendingfashion
fashion,@AMANFASHIONTV
fashion,@RRFashionPoint
fashion,@angelamasson-fashionover50
fashion,@babyboofashion7849
fashion,@FashionDiaries
fashion,@fashionpsychologytv
fashion,@condenastcollegelondon
fashion,@THECROWNROYALSHollywoodFashion
fashion,@designacademyoffashion9675
fashion,@STARTYOURFASHIONBUSINESS
fashion,
fashion,@MommiesMakeupAndMoscato
fashion,
fashion,@fashiondeclares5
fashion,@PhysiqueCutFashionHouse
fashion,@techufashionuel45
fashion,@laperycollegeoffashion8737
fashion,@fidm
fashion,@SuzysDogFashion-Since
fashion,@ArshiNewFashion
fashion,@r.q.fashionqueen316
fashion,@Sabitafashion
fashion,@YourFashionExpert1
fashion,@VFWTV
fashion,@delightfashionempire
fashion,@hikarifashiontv8004
fashion,@mensfashionmalayalam4
fashion,@decadesoffashion2723
fashion,@KastaMorrelyFashionWeek
fashion,@mintmadefashion
fashion,@FashionValueChain
fashion,@globalfashioncollective4715
fashion,@Maleafdistrict
fashion,
fashion,@SHFashionWorldLattu
fashion,@VBirchwood
fashion,
fashion,@astersustainablefashion8931
fashion,@Findafashiontruck_Official
fashion,@foxyboots
fashion,@hoorfashion8436
fashion,@Beladonismagazinevideos
fashion,@minakshifashion5586
fashion,@arabfashioncouncil
fashion,@hansdailyfashion
fashion,@verdandyfashion8290
fashion,@SFW_official
fashion,@fashiontravelrs6529
fashion,@abdullahsaqibyoutubechannal
fashion,@Trendyfashion360
fashion,@UNBOXINGFashionSports
fashion,@bestdressed
fashion,@newhairstylesfashionworld5466
fashion,@artandfashion4259
fashion,@fitandfashion6029
fashion,@FashionDiffusion
fashion,@fashioninsiders5298
fashion,@fashionelitist
fashion,@fashionideas988
fashion,@ApnaFashionDukaan
fashion,@youmakefashion
fashion,@sagarfashionwholesale
fashion,@trendyFashion4
fashion,@myfashionart
fashion,@fashionjabeen1686
fashion,@fashionzone5828
fashion,1 subscriber
fashion,@KatesAg
fashion,@FirstBreedFashion
fashion,@SSFASHIONSTUDIOS
fashion,@RupFashionpoint
fashion,@DIYFashionRebel
fashion,@FashionMusic92
fashion,@MensFashionTamil-Official
fashion,@SmartFashionLook
fashion,@Mensfashionmagazinecouk
fashion,@LUMIERERUNWAYFASHIONSHOW
fashion,@TheFashionPlus
fashion,@AmyYFan
fashion,@naz830
fashion,@fashionbrands9315
fashion,@manchesterfashioninstitute6063
fashion,@Praveenafasionhome
fashion,
fashion,@JewelFashion
fashion,@stylishfashion-nm7eq
fashion,@hausafashiontv
fashion,@fashionyd
fashion,@msfashionworld6431
fashion,@fashionwithsreesaral
fashion,@FashionTelevisionCTV
fashion,@remerFashionch
fashion,@ArtHeartsFashion
fashion,
fashion,@FashioninFrame
fashion,
fashion,@fashionideas874
fashion,@LTRLTrendFashnGuru
fashion,
fashion,@Aishcream
fashion,@taipeifashionweek4596
fashion,@fashionjabeen1686
fashion,@ekwuemeschooloffashion1913
fashion,
fashion,@bsfashionsurat
fashion,
fashion,@myfashiondiary6574
fashion,@fashionconceptchannel9259
fashion,@scotlandfashionrevolution7462
fashion,@yfashionhouse2331
fashion,@shrutirao2615
fashion,@DukascopyFashion
fashion,
fashion,@mickifashionshortsvideo
fashion,
fashion,@SaminaFashionDesigning
fashion,@gracefashionschool698
fashion,1 subscriber
fashion,@fashioncapital6838
fashion,@BlendersPrideFashionTour
fashion,@yaersfashiontv
fashion,@brchannelqa
fashion,@saicfashion.8101
fashion,@mnkfashion4764
fashion,@ToneFashion
fashion,@tailoringclassinhindibysav4218
fashion,
fashion,@thefashionshow6059
fashion,@deepfashion7814
fashion,@FashionFactorySchool
fashion,@LatestFashionTrend
fashion,@FashionByHania
fashion,@RoyalFashionChannel
fashion,@abdielfashioncreator
fashion,@expertmusic-beauty
fashion,
fashion,@fucksfashion5226
fashion,
fashion,@f-tvfashionjunior8783
fashion,
fashion,@fashionpurity9686
fashion,@d-lotshow-africanfashionverona
fashion,
fashion,@AkeeLfashiondesigner
fashion,@FashionforGood
fashion,@shihchienfashion8432
fashion,
fashion,@RadioFashionMix
fashion,@lealfashiontvoficial
fashion,@Hkfashionvlog
fashion,@FashionTalents
fashion,@shrutirao2615
fashion,@LatestFashionDesign0
fashion,@mickifashionshortsvideo
fashion,
fashion,@SaminaFashionDesigning
fashion,
fashion,
fashion,@FashionMakesBeats
fashion,
fashion,@Ritufashion2409
fashion,
fashion,@naseemmannatfashion6151
fashion,@harshithafashion1893
fashion,
fashion,@TheFashionVerge
