Entertainment,UC-lHJZR3Gqxm24_Vd_AJ5Yw
Music,UCq-Fj5jknLsUf-MWSy4_brA
Entertainment,UCIwFjwMjI0y7PDBVEO9-bkQ
Howto & Style,UC295-Dw_tDNtZXFeAPAW6Aw
Sports,UCJ5v_MCY6GNUBTO8-D3XoAg
Sports,UCRijo3ddMTht_IHyNSNXpNQ
Music,UC0C-w0YjGpqDXGB8IHb662A
Entertainment,UCpEhnqL0y41EpW2TvWAHD7Q
Music,UCfM3zsQsOnfWNUppiycmBuw
Music,UCYvmuw-JtVrTZQ-7Y4kd63Q
Music,UCqECaJ8Gagnn7YCbPEzWH6g
Entertainment,UCcgqSM4YEo5vVQpqwN-MaNw
Entertainment,UCp0hYYBW6IMayGgR-WeoCvQ
Music,UCb2HGwORFBo94DmRx4oLzow
Music,UCANLZYMidaCbLQFWXBC95Jg
Music,UC9CoOnJkIBMdeijd9qYoT_g
Entertainment,UCBR8-60-B28hp2BmDPdntcQ
Music,UC-8Q-hLdECwQmaWNwXitYDw
Music,UC20vb-R_px4CguHzzBPhoyQ
Music,UC2xskkQVFEpLcGFnNSLQY0A
Entertainment,UCcMTZY1rFXO3Rj44D5VMyiw
Music,UCRzzwLpLiUNIs6YOPe33eMg
Entertainment,UCZkURf9tDolFOeuw_4RD7XQ
Entertainment,UCGRtuAmEObNSmlOLDWzZfVg
Entertainment,UC4PooiX37Pld1T8J5SYT-SQ
Comedy,UCi9cDo6239RAzPpBZO9y5SA
Education,UCcdwLMPsaU2ezNSJU1nFoBQ
Howto & Style,UCR4s1DE9J4DHzZYXMltSMAg
Entertainment,UCk8GzjMOrta8yxDcKfylJYw
Comedy,UCfm4y4rHF5HGrSr-qbvOwOg
Music,UC0WP5P-ufpRfjbNrmOWwLBQ
Comedy,UCPDis9pjXuqyI7RYLJ-TTSA
People & Blogs,UCpko_-a4wgz2u_DgDgd9fqA
Music,UCuHzBCaKmtaLcRAOoazhCPA
Entertainment,UC_W0_Nv-3rxpWVvosddhrPw
Music,UCcvNYxWXR_5TjVK7cSCdW-g
Music,UCyxbZF7_PK4nLiexj0kkCNg
Entertainment,UCUK0HBIBWgM2c4vsPhkYY4w
Music,UCFFbwnve3yF62-tVXkTyHqg
Education,UCbCmjCuTUZos6Inko4u57UQ
People & Blogs,UCYLNGLIzMhRTi6ZOLjAPSmw
Music,UCwppdrjsBPAZg5_cUwQjfMQ
People & Blogs,UCWwWOFsW68TqXE-HZLC3WIA
Music,UCaayLD9i5x4MmIoVZxXSv_g
Entertainment,UCjtLOfx1yt1NlnFIDyAX3Ug
Music,UC-6czyMkxDi8E8akPl0c7_w
Music,UCAvCL8hyXjSUHKEGuUPr1BA
Comedy,UCxSz6JVYmzVhtkraHWZC7HQ
Music,UComP_epzeKzvBX156r6pm1Q
Howto & Style,UC4rlAVgAK0SGk-yTfe48Qpw