category_name,channel_id
Entertainment,UC-lHJZR3Gqxm24_Vd_AJ5Yw
Music,UCq-Fj5jknLsUf-MWSy4_brA
Entertainment,UCIwFjwMjI0y7PDBVEO9-bkQ
Howto & Style,UC295-Dw_tDNtZXFeAPAW6Aw
Sports,UCJ5v_MCY6GNUBTO8-D3XoAg
Sports,UCRijo3ddMTht_IHyNSNXpNQ
Music,UC0C-w0YjGpqDXGB8IHb662A
Entertainment,UCpEhnqL0y41EpW2TvWAHD7Q
Music,UCfM3zsQsOnfWNUppiycmBuw
Music,UCYvmuw-JtVrTZQ-7Y4kd63Q
Music,UCqECaJ8Gagnn7YCbPEzWH6g
Entertainment,UCcgqSM4YEo5vVQpqwN-MaNw
Entertainment,UCp0hYYBW6IMayGgR-WeoCvQ
Music,UCb2HGwORFBo94DmRx4oLzow
Music,UCANLZYMidaCbLQFWXBC95Jg
Music,UC9CoOnJkIBMdeijd9qYoT_g
Entertainment,UCBR8-60-B28hp2BmDPdntcQ
Music,UC-8Q-hLdECwQmaWNwXitYDw
Music,UC20vb-R_px4CguHzzBPhoyQ
Music,UC2xskkQVFEpLcGFnNSLQY0A
Entertainment,UCcMTZY1rFXO3Rj44D5VMyiw
Music,UCRzzwLpLiUNIs6YOPe33eMg
Entertainment,UCZkURf9tDolFOeuw_4RD7XQ
Entertainment,UCGRtuAmEObNSmlOLDWzZfVg
Entertainment,UC4PooiX37Pld1T8J5SYT-SQ
Comedy,UCi9cDo6239RAzPpBZO9y5SA
Education,UCcdwLMPsaU2ezNSJU1nFoBQ
Howto & Style,UCR4s1DE9J4DHzZYXMltSMAg
Entertainment,UCk8GzjMOrta8yxDcKfylJYw
Comedy,UCfm4y4rHF5HGrSr-qbvOwOg
Music,UC0WP5P-ufpRfjbNrmOWwLBQ
Comedy,UCPDis9pjXuqyI7RYLJ-TTSA
People & Blogs,UCpko_-a4wgz2u_DgDgd9fqA
Music,UCuHzBCaKmtaLcRAOoazhCPA
Entertainment,UC_W0_Nv-3rxpWVvosddhrPw
Music,UCcvNYxWXR_5TjVK7cSCdW-g
Music,UCyxbZF7_PK4nLiexj0kkCNg
Entertainment,UCUK0HBIBWgM2c4vsPhkYY4w
Music,UCFFbwnve3yF62-tVXkTyHqg
Education,UCbCmjCuTUZos6Inko4u57UQ
People & Blogs,UCYLNGLIzMhRTi6ZOLjAPSmw
Music,UCwppdrjsBPAZg5_cUwQjfMQ
People & Blogs,UCWwWOFsW68TqXE-HZLC3WIA
Music,UCaayLD9i5x4MmIoVZxXSv_g
Entertainment,UCjtLOfx1yt1NlnFIDyAX3Ug
Music,UC-6czyMkxDi8E8akPl0c7_w
Music,UCAvCL8hyXjSUHKEGuUPr1BA
Comedy,UCxSz6JVYmzVhtkraHWZC7HQ
Music,UComP_epzeKzvBX156r6pm1Q
Howto & Style,UC4rlAVgAK0SGk-yTfe48Qpw
Music,UCGnjeahCJW1AF34HBmQTJ-Q
Film and Animation,UC3gNmTGu-TTbFPpfSs5kNkg
Music,UC_aEa8K-EOJ3D6gOs7HcyNg
Education,UCLsooMJoIpl_7ux2jvdPB-Q
Entertainment,UCF1JIbMUs6uqoZEY1Haw0GQ
Music,UCJrDMFOdv1I2k8n9oK_V21w
Music,UC4NALVCmcmL5ntpV0thoH6w
Entertainment,UCMu5gPmKp5av0QCAajKTMhw
Music,UCrHL_BF5lHyK43BxLU8-vBQ
Film and Animation,UCRv76wLBC73jiP7LX4C3l8Q
Music,UC2pmfLm7iq6Ov1UwYrWYkZA
People & Blogs,UCcgVECVN4OKV6DH1jLkqmcA
Music,UC1SqP7_RfOC9Jf9L_GRHANg
Entertainment,UCKlhpmbHGxBE6uw9B_uLeqQ
Music,UCMJ5Qf3sOvQpcYiai1Noa3Q
Entertainment,UC_vcKmg67vjMP7ciLnSxSHQ
Music,UC65afEgL62PGFWXY7n6CUbA
Gaming,UCKqH_9mk1waLgBiL2vT5b9g
Comedy,UCY30JRSgfhYXA6i6xX1erWg
Music,UCpDJl2EmP7Oh90Vylx0dZtA
Music,UCa10nxShhzNrCE1o2ZOPztg
Music,UCbW18JZRgko_mOGm5er8Yzg
Science & Technology,UCsTcErHg8oDvUnTzoqsYeNw
Comedy,UCPDXXXJj9nax0fr0Wfc048g
Entertainment,UCa6vGFO9ty8v5KZJXQxdhaw
Gaming,UCD1Em4q90ZUK2R5HKesszJg
Entertainment,UC6-F5tO8uklgE9Zy8IvbdFw
Entertainment,UCzVIrPfZBE-XkBISBybMBLA
Music,UC4rasfm9J-X4jNl9SvXp8xA
Music,UCmv1CLT6ZcFdTJMHxaR9XeA
Gaming,UCpGdL9Sn3Q5YWUH2DVUW1Ug
Music,UCN1hnUccO4FD5WfM7ithXaw
Music,UCjK8ORC71kwyj1DWFwril_A
Music,UC56gTxNs4f9xZ7Pa2i5xNzg
Entertainment,UCaWd5_7JhbQBe4dknZhsHJg
Music,UC0VOyT2OCBKdQhF3BAbZ-1g
Comedy,UCV9_KinVpV-snHe3C3n1hvA
Music,UCJrOtniJ0-NWz37R30urifQ
Music,UC1l7wYrva1qCH-wgqcHaaRg
Entertainment,UCMNmwqCtCSpftrbvR3KkHDA
Entertainment,UCw8ZhLPdQ0u_Y-TLKd61hGA
Music,UCmBA_wu8xGg1OfOkfW13Q0Q
Music,UCM9r1xn6s30OnlJWb-jc3Sw
Music,UCweOkPb1wVVH0Q0Tlj4a5Pw
Entertainment,UC55IWqFLDH1Xp7iu1_xknRA
Music,UCVttQE6tS_agDSAU61Q65aA
Entertainment,UC6nSFpj9HTCZ5t-N3Rm3-HA
Music,UC-yXuc1__OzjwpsJPlxYUCQ
Music,UC9TO_oo4c_LrOiKNaY6aysA
Music,UC3jOd7GUMhpgJRBhiLzuLsg
Entertainment,UChGJGhZ9SOOHvBB0Y4DOO_w
Music,UCOsyDsO5tIt-VZ1iwjdQmew
Music,UCgwv23FVv3lqh567yagXfNg
Music,UClVrJwcIy7saPcGc1nct80A
Music,UCF_fDSgPpBQuh1MsUTgIARQ
People & Blogs,UCNL1ZadSjHpjm4q9j2sVtOA
Gaming,UCClNRixXlagwAd--5MwJKCw
Entertainment,UCUtZaxDF3hD5VK4xRYFBePQ
Music,UCoUM-UJ7rirJYP8CQ0EIaHA
Gaming,UC7_YxT-KID8kRbqZo7MyscQ
Music,UCEdvpU2pFRCVqU6yIPyTpMQ
Music,UCBVjMGOIkavEAhyqpxJ73Dw
Entertainment,UCSAUGyc_xA8uYzaIVG6MESQ
Music,UCDPM_n1atn2ijUwHd0NNRQw
Music,UCZU9T1ceaOgwfLRq7OKFU4Q
Entertainment,UC48h7Dst_hX82HxOf3xJw_w
Film and Animation,UCi8e0iOVk1fEOogdfu4YgfA
Gaming,UCYVinkwSX7szARULgYpvhLw
Nonprofits & Activism,UCsT0YIqwnpJCM-mx7-gSA4Q
Music,UC3MLnJtqc_phABBriLRhtgQ
Film and Animation,UCbTLwN10NoCU4WDzLf1JMOA
Music,UCFkoPRmuxqr37jvGmmpzhzQ
Education,UCRx3mKNUdl8QE06nEug7p6Q
Comedy,UC9gFih9rw0zNCK3ZtoKQQyA
Comedy,UC8-Th83bH_thdKZDJCrn88g
Music,UCt-k6JwNWHMXDBGm9IYHdsg
Music,UCLp8RBhQHu9wSsq62j_Md6A
Music,UCnyB9MYKRkSFK3IIB32CoVw
Entertainment,UCdxi8d8qRsRyUi2ERYjYb-w
Music,UCMtpmPs9end-dTNwVq16g4Q
Music,UCgc00bfF_PvO_2AvqJZHXFg
Comedy,UCB0d0JLn1WcGYcwwZ87d2LA
Music,UC9zX2xZIJ4cnwRsgBpHGvMg
Education,UCKAqou7V9FAWXpZd9xtOg3Q
Music,UCpb_iJuhFe8V6rQdbNqfAlQ
Music,UCP6uH_XlsxrXwZQ4DlqbqPg
Music,UCEf_Bc-KVd7onSeifS3py9g
Music,UCVp3nfGRxmMadNDuVbJSk8A
Gaming,UCo_IB5145EVNcf8hw1Kku7w
Entertainment,UCNdqe5zJ6k-i7XKoYWA4Z2g
Howto & Style,UCkvK_5omS-42Ovgah8KRKtg
Music,UCyC_4jvPzLiSkJkLIkA7B8g
Howto & Style,UCzTKskwIc_-a0cGvCXA848Q
Entertainment,UCppHT7SZKKvar4Oc9J4oljQ
Education,UCBnZ16ahKA2DZ_T5W0FPUXg
Gaming,UCYzPXprvl5Y-Sf0g4vX-m6g
Gaming,UCS5Oz6CHmeoF7vSad0qqXfw
Entertainment,UCKqx9r4mrFglauNBJc1L_eg
Pets & Animals,UC6E2mP01ZLH_kbAyeazCNdg
Music,UCaHNFIob5Ixv74f5on3lvIw
Entertainment,UCpB959t8iPrxQWj7G6n0ctQ
Howto & Style,UCD9PZYV5heAevh9vrsYmt1g
Music,UCm1dsgJNnhaLkY3uAdqN4mA
Music,UCIjYyZxkFucP_W-tmXg_9Ow
Entertainment,UCX52tYZiEh_mHoFja3Veciw
People & Blogs,UC-SV8-bUJfXjrRMnp7F8Wzw
Music,UCT9zcQNlyht7fRlcjmflRSA
Entertainment,UC7TTtOQKMXTWWMtWQMIgVSA
Entertainment,UCG8rbF3g2AMX70yOd8vqIZg
Music,UCsRM0YB_dabtEPGPTKo-gcw
Music,UC22nIfOTM7KLIQuFGMKzQbg
Howto & Style,UCWRV5AVOlKJR1Flvgt310Cw
People & Blogs,UCAuUUnT6oDeKwE6v1NGQxug
Entertainment,UCmL1WlDI8UkXDXCXcBQN9CA
Entertainment,UCn7dB9UMTBDjKtEKBy_XISw
Entertainment,UCstEtN0pgOmCf02EdXsGChw
Music,UCN9HPn2fq-NL8M5_kp4RWZQ
Music,UCaum3Yzdl3TbBt8YUeUGZLQ
Entertainment,UCrFiA0hztL9e8zTi_qBuW4w
Film and Animation,UCyoXW-Dse7fURq30EWl_CUA
Entertainment,UCJ0uqCI0Vqr2Rrt1HseGirg
Music,UCq3Ci-h945sbEYXpVlw7rJg
Sports,UCVtFOytbRpEvzLjvqGG5gxQ
Gaming,UCAW-NpUFkMyCNrvRSSGIvDQ
Entertainment,UCwD4x63A9KC7Si2RuSfg-SA
Music,UC6pjHMC4QXMi4llCCjtDXWg
Entertainment,UCIEv3lZ_tNXHzL3ox-_uUGQ
Gaming,UCm3hAp1m1xlAz0ve_EKAo4g
Film and Animation,UCDLmS9vkPcTz3cAc-c9QIzg
Comedy,UC7eHZXheF8nVOfwB2PEslMw
Comedy,UCpsSadsgX_Qk9i6i_bJoUwQ
Music,UCf3cbfAXgPFL6OywH7JwOzA
Howto & Style,UCGwPbAQdGA3_88WBuGtg9tw
Gaming,UCC-RHF_77zQdKcA75hr5oTQ
Music,UCe4LM_eKc9ywRmVuBm5pjQg
Music,UCNnwYefwrkVBAbMUzLpxbEQ
Music,UCNhqvQMXIgRfjAGmxQqdNRw
Entertainment,UCwjoPtSoNLAoX2sLBaKLYng
Sports,UCKvn9VBLAiLiYL4FFJHri6g
Entertainment,UCn8zNIfYAQNdrFRrr8oibKw
Gaming,UCshoKvlZGZ20rVgazZp5vnQ
Entertainment,UCelMeixAOTs2OQAAi9wU8-g
Music,UCmKdSrwf1e8coqAzUsrVHZw
Entertainment,UCCI5Xsd_gCbZb9eTeOf9FdQ
Music,UCgtNC51EUSgcZ6kKyVoPxKA
Music,UC5H_KXkPbEsGs0tFt8R35mA
Gaming,UCKy1dAqELo0zrOtPkf0eTMw
People & Blogs,UCmh5gdwCx6lN7gEC20leNVA
Entertainment,UC6sSkkemzPjmrzS0Y0V_2zw
Entertainment,UCWr4vlkj5xXQ4bSXNeTT2AA
Music,UC_TVqp_SyG6j5hG-xVRy95A
Entertainment,UC0v-tlzsn0QZwJnkiaUSJVQ
Music,UCByOQJjav0CUDwxCk-jVNRQ
Education,UCsPF3cApzCohxPp5oKdoWSQ
News & Politics,UCttspZesZIDEwwpVIgoZtWQ
Gaming,UC2wKfjlioOCLP4xQMOWNcgg
Entertainment,UCi-5OZ2tYuwMLIcEyOsbdRA
People & Blogs,UCBqFKDipsnzvJdt6UT0lMIg
Comedy,UCuouUWCLmpG4Dje3Ay0p1oQ
Gaming,UCBw-Dz6wHRkxiXKCLoWqDzA
Film and Animation,UCYUQQgogVeQY8cMQamhHJcg
Entertainment,UCeV2O_6QmFaaKBZHY3bJgsA
Entertainment,UCvC4D8onUfXzvjTOM-dBfEA
Howto & Style,UCap97Ue8K_BpKlrvQRYd6JA
Entertainment,UC_k8KFBzEf0uQ8LRFSAgSUA
Music,UCulYu1HEIa7f70L2lYZWHOw
Education,UCX6b17PVsYBQ0ip5gyeme-Q
Music,UCt-am4x4ZyeohfgM85qFgdQ
Gaming,UCj5i58mCkAREDqFWlhaQbOw
Music,UCz2SUbUr2k0T3nEmutgsPjg
Gaming,UCBUVGPsJzc1U8SECMgBaMFw
Music,UC-J-KZfRV8c13fOCkhXdLiQ
Music,UCQznUf1SjfDqx65hX3zRDiA
Music,UClkRzsdvg7_RKVhwDwiDZOA
Gaming,UC1ieoHqKW-yYgDhLHIcx28w
People & Blogs,UCkXgEcpoTE4tHsebYBouWpA
Entertainment,UCGt7X90Au6BV8rf49BiM6Dg
Entertainment,UC1r4VtVE__5K6c_L_3Vlxxg
Entertainment,UC5nc_ZtjKW1htCVZVRxlQAQ
Howto & Style,UCc6W7efUSkd9YYoxOnctlFg
Education,UC1zZE_kJ8rQHgLTVfobLi_g
Comedy,UCkAGrHCLFmlK3H2kd6isipg
Entertainment,UCqwUrj10mAEsqezcItqvwEw
Entertainment,UCqdGW_m8Rim4FeMM29keDEg
Howto & Style,UCJFp8uSYCjXOMnkUyb3CQ3Q
Music,UCmdY1pHB-KbFYxOyhwjVeQw
Science & Technology,UCe_vXdMrHHseZ_esYUskSBw
Entertainment,UCplkk3J5wrEl0TNrthHjq4Q
Gaming,UCpqXJOEqGS-TCnazcHCo0rA
Film and Animation,UCzH3iADRIq1IJlIXjfNgTpA
Gaming,UC0DZmkupLYwc0yDsfocLh0A
Entertainment,UC_8PAD0Qmi6_gpe77S1Atgg
Entertainment,UCr8RjWUQ_9KYcIPmWiqBroQ
Howto & Style,UC0YvTCy1I4_a-3pn47_5DBA
Music,UCqk3CdGN_j8IR9z4uBbVPSg
Music,UC-y8ci7xfsu4L3zkSuHae0A
Gaming,UC-2Y8dQb0S6DtpxNgAKoJKA
People & Blogs,UCtZAaljDNIsIAIhwYYzvEiw
Entertainment,UC3ifTl5zKiCAhHIBQYcaTeg
Entertainment,UCvVuqRzGVqRlmZYlTf99M_w
People & Blogs,UCvthuVsurPaVz2a7_4LepGg
Music,UCvu362oukLMN1miydXcLxGg
Music,UCqFhfan_P2AmGVB1X2B-3Aw
Entertainment,UC-0D1RlSzcvBoODCKSoLl2g
Howto & Style,UC57XAjJ04TY8gNxOWf-Sy0Q
Music,UC4pEp0mo54WhEBCTYvjVDJA
Entertainment,UCDCNmuaOXOo25Yn4mbMHhhQ
Music,UCpmD3iT-8TQzRuygIiS9bAw
Comedy,UCN9wHzrHRdKVzCSeV-5RuzA
Film and Animation,UCDsO-0Yo5zpJk575nKXgMVA
Gaming,UCCEmjNPpJYhGDgaEqeeA4HA
Comedy,UCmyIMuo8zRYgLshDff0vLuw
People & Blogs,UCGCPAOQDZa_TTTXDr5byjww
Comedy,UCo8bcnLyZH8tBIH9V1mLgqQ
Music,UCVrstuGnHjpUXr9G98wwKow
Howto & Style,UCuYx81nzzz4OFQrhbKDzTng
Science & Technology,UCOhHO2ICt0ti9KAh-QHvttQ
Howto & Style,UCWwqHwqLSrdWMgp5DZG5Dzg
Entertainment,UCfaZw8XH_zmAVkBst_MPD6w
Comedy,UC1OFDlfdRb6ma1ZGZd07gWA
Entertainment,UCucot-Zp428OwkyRm2I7v2Q
Entertainment,UCpVm7bg6pXKo1Pr6k5kxG9A
Music,UC_x8HoD18XJkILQBreVENUQ
Music,UC09d82usokACH1z5YeKnfiA
Music,UCIvqWqjC4aLvp7zI8hzARrA
Entertainment,UCilwZiBBfI9X6yiZRzWty8Q
Education,UC7Pq3Ko42YpkCB_Q4E981jw
Entertainment,UCDo9msNItILnyF_Y2eHaNQg
Music,UCdI8evszfZvyAl2UVCypkTA
Howto & Style,UCjwmbv6NE4mOh8Z8VhPUx1Q
Music,UCpx_k19S2vUutWUUM9qmXEg
Entertainment,UCcartHVtvAUzfajflyeT_Gg
Music,UC07Kxew-cMIaykMOkzqHtBQ
Music,UCWi_65E_L8tQZ34C6wVAlpQ
Howto & Style,UCAoMPWcQKA_9Af5YhWdrZgw
Entertainment,UCczFdwWpVEpoqb-eMm4c4dQ
Entertainment,UCo6DJdltbIub80bLiyJRv3w
Entertainment,UChOPyo-uWLVi5uO53mSBX-w
Music,UCBQZwaNPFfJ1gZ1fLZpAEGw
Gaming,UC70Dib4MvFfT1tU6MqeyHpQ
People & Blogs,UC9diVCDUnRAB3buT1vLn4-w
Music,UCXJDX1KK6t121Z9FLhu5o2A
Comedy,UCbI2XhhZwo4NEyg3oNv2Tsw
Entertainment,UC5BMQOsAB8hKUyHu9KI6yig
Comedy,UCSReacwdlGHHyTIyuROhVdQ
Sports,UCblfuW_4rakIf2h6aqANefA
Music,UC3PdiRW5dUA4V70ueeR1eHA
Film and Animation,UCHCph-_jLba_9atyCZJPLQQ
Howto & Style,UCTTJMptGhfJA67e40DlqbNw
Music,UCssD3_aDYhaG44mwP53CO0w
Entertainment,UCXTMoE1XgvxN4iCt5-gZzCw
People & Blogs,UCAL3JXZSzSm8AlZyD3nQdBA
Gaming,UCh7EqOZt7EvO2osuKbIlpGg
Entertainment,UCT2X19JJaJGUN7mrYuImANQ
Comedy,UCWXCrItCF6ZgXrdozUS-Idw
Music,UCeLHszkByNZtPKcaVXOCOQQ
Entertainment,UCvpDeGlR5wLP9Z3Tb6K0Xfg
Entertainment,UCEKWXRsfUHkan-D_ljU8Asw
Entertainment,UC1KPy3cAAj0i0RIFC_SzjMg
People & Blogs,UCrqsNpKuDQZreGaxBL_a5Jg
Gaming,UC2t5bjwHdUX4vM2g8TRDq5g
Entertainment,UCkK0XNKXOvFkH66AS6jrCCg
Gaming,UCke6I9N4KfC968-yRcd5YRg
Entertainment,UCS3VJQpFmLbBd5qsWci9KPA
Music,UCqjjyPUghDSSKFBABM_CXMw
People & Blogs,UCay_OLhWtf9iklq8zg_or0g
Entertainment,UCX6OQ3DkcsbYNE6H8uQQuVA
Comedy,UCazMm3tOCkYrIGE_17j0mVg
Sports,UCWJ2lWNubArHWmf3FIHbfcQ
Entertainment,UCnOVVuoLJ_1YY8A0V802wHA
Entertainment,UChM5Ff2yVeIZ16EWiB081cg
Music,UCtW7qWjpCZ8zps-Cf2NF26w
Music,UCe3yZzUwpmy2eKKmF9svX0Q
Comedy,UCgefQJC5UgbWJHDxBqB4qVg
Entertainment,UCj2HtBTppiQLVrZfEjcFxig
Gaming,UCfLuMSIDmeWRYpuCQL0OJ6A
Music,UCio_FVgKVgqcHrRiXDpnqbw
Education,UC1ciY6kR3yj3kaKZ6R7ewAg
People & Blogs,UCqIqRzEge-Qvt4Iglx-uKdQ
Gaming,UCWZmCMB7mmKWcXJSIPRhzZw
Entertainment,UCYM02HkL0C3V1hAzw0HUXUw
Entertainment,UChLN0bJgq6d15OK2HVB4YTg
Education,UCsooa4yRKGN_zEE8iknghZA
Science & Technology,UCE_M8A5yxnLfW0KghEeajjw
Music,UCqtHOqxV71OQ-fmLdI8rBYw
Music,UC3zVeAaoPEN1Tu25dW3G2Ig
Science & Technology,UCC552Sd-3nyi_tk2BudLUzA
Music,UCVWA4btXTFru9qM06FceSag
Entertainment,UCHEf6T_gVq4tlW5i91ESiWg
People & Blogs,UCtinbF-Q-fVthA0qrFQTgXQ
People & Blogs,UCe9oofjVfJzapRyVlt57x8Q
Entertainment,UCAaUVu8vYss8zCaC0WuA9jA
Entertainment,UCtylTUUVIGY_i5afsQYeBZA
Entertainment,UClFSU9_bUb4Rc6OYfTt5SPw
Music,UCfLFTP1uTuIizynWsZq2nkQ
Gaming,UCEe076nFuVobN0bAsXK7ICw
Entertainment,UCGdPm5Aq081vVD7ih9jZf6Q
Music,UCk78ZcA6kflEvBR0UrGDH0Q
Entertainment,UCbaGn5VkOVlcRgIWAHcrJKA
Gaming,UCVyM1Zknz3u2hGLAN2NVtZg
Entertainment,UCQcf-d098cNGGl3bPGGjHBg
Comedy,UC9VX0KXNH20x9MCH3xGjisg
Music,UCBq5hp6DvwWam2XOXw6lYJA
Gaming,UC-kOXc3gBwksVfmndSEz7jg
Entertainment,UCpcsv3Ow-8IhoUGDEfPetsQ
Music,UCRm96I5kmb_iGFofE5N691w
Music,UCO9zJy7HWrIS3ojB4Lr7Yqw
Music,UCzI7wZyqk7jpXWT_MILjepw
Music,UCNApqoVYJbYSrni4YsbXzyQ
Autos & Vehicles,UCp68_FLety0O-n9QU6phsgw
Music,UCi4EDAgjULwwNBHOg1aaCig
Entertainment,UCYjk_zY-iYR8YNfJmuzd70A
People & Blogs,UCVbPnm-qCjH-8Yl1-k4BQkA
Science & Technology,UCBJycsmduvYEL83R_U4JriQ
Gaming,UCH-_hzb2ILSCo9ftVSnrCIQ
Music,UCC6XuDtfec7DxZdUa7ClFBQ
Education,UCpIAHQcBQp5yWGQ7UR3xixg
Entertainment,UC_hSjGOO67A6gIDUcyuv_8A
Gaming,UCh715KhLM7vbOwozSXLWI_w
Entertainment,UCsN8M73DMWa8SPp5o_0IAQQ
Entertainment,UCRNmk0RhyeoHOgcB5xxgqBw
Music,UC2kTZB_yeYgdAg4wP2tEryA
Music,UCx1f1u4XlFFr0YgqF3wB4lQ
Howto & Style,UCKjJXmZxk1SiTUQUB28KHpw
Entertainment,UCmlsu3V3SzIm2Jmo0S0qiMg
Entertainment,UCGCVyTWogzQ4D170BLy2Arw
Comedy,UCn1XB-jvmd9fXMzhiA6IR0w
Entertainment,UCVJK2AT3ea5RTXNRjX_kz8A
Music,UCSDvKdIQOwTfcyOimSi9oYA
Entertainment,UCd1fLoVFooPeWqCEYVUJZqg
Music,UCy5FUarBYUHFpPtYVuvzgcA
Film and Animation,UCUAL--p3qAa27luR0IYbjZA
Howto & Style,UCe0TLA0EsQbE-MjuHXevj2A
Gaming,UCOaMOXfe8EWH1GJyhqhXrAA
Music,UCM9KEEuzacwVlkt9JfJad7g
Science & Technology,UCSrPuHtKbst7Zy8pyWn_3Cg
Autos & Vehicles,UCjOl2AUblVmg2rA_cRgZkFg
Entertainment,UCWOA1ZGywLbqmigxE4Qlvuw
Music,UCphlOJ8CqfyUi9ayZ2UZmfg
Entertainment,UCDWIvJwLJsE4LG1Atne2blQ
Music,UCkitABalXafr-NqceQdDXtg
Entertainment,UC3XTzVzaHQEd30rQbuvCtTQ
People & Blogs,UC_GqWT9zKoeu0Jkv4KFpn9g
Entertainment,UC1Ydgfp2x8oLYG66KZHXs1g
Music,UCvhQPdeTHzIRneScV8MIocg
Entertainment,UCP-Ng5SXUEt0VE-TXqRdL6g
Film and Animation,UCOpcACMWblDls9Z6GERVi1A
Comedy,UCCHcEUksSVKsRDH86j77Ntg
Science & Technology,UCK8sQmJBp8GCxrOtXWBpyEA
Entertainment,UCXLw_h6bFfPOKbDJXDUjA-Q
Music,UCGkSXL5saM8y3VvJD_PdMFQ
Music,UC2YnEq5Fc5_zEO6bo0oNzCQ
Science & Technology,UCNKcMBYP_-18FLgk4BYGtfw
Comedy,UC4USoIAL9qcsx5nCZV_QRnA
Entertainment,UC3FBdA2krgGmdGdqxqDjElA
Howto & Style,UCMDQxm7cUx3yXkfeHa5zJIQ
Entertainment,UCe56RtxwepRSyZ-b--SedOw
Comedy,UC67f2Qf7FYhtoUIF4Sf29cA
Gaming,UCd534c_ehOvrLVL2v7Nl61w
Entertainment,UCiw97Iyd9CbAyr00D94v3tg
People & Blogs,UCRWFSbif-RFENbBrSiez1DA
Entertainment,UCIeNlITYK46VkR7yIuTL8GQ
Sports,UCpcTrCXblq78GZrTUTLWeBw
Entertainment,UC-LPIU24bQXVljUXivKEeRQ
Comedy,UCR-QYzXrZF8yFarK8wZbHog
Comedy,UCITqR49EAUY8i1vZtXTwe-A
Gaming,UCJ2ZDzMRgSrxmwphstrm8Ww
Comedy,UC4-CH0epzZpD_ARhxCx6LaQ
Science & Technology,UCXuqSBlHAE6Xw-yeJA0Tunw
Music,UC23ROAqt3prjnS89uHwcaaQ
Education,UCQGRpfoyf2yNcDdBAxjgL7g
Music,UCgffc95YDBlkGrBAJUHUmXQ
Education,UCXhSCMRRPyxSoyLSPFxK7VA
Howto & Style,UC21yq4sq8uxTcfgIxxyE9VQ
Film and Animation,UCUKi4zY5ETSqrKAjTBgjM-g
Howto & Style,UCfBpv6ahDMg7kEClQuMpzzw
Sports,UCqhnX4jA0A5paNd1v-zEysw
Comedy,UCBwSufNse8VMBvQM_rCSvgQ
Gaming,UCvPW1W4WlpTgNezZzwIstLA
Music,UC3N5y6UWKJaKqoU2b_0MfTQ
Music,UC46TVKqBkiTT85ddkJDdK3w
Entertainment,UCiMhD4jzUqG-IgPzUmmytRQ
Science & Technology,UC6107grRI4m0o2-emgoDnAA
Entertainment,UCN8S4CqMRy6tVKVXvs7Bzeg
Entertainment,UC8gKWMFvVenlVjgysNojYQg
Gaming,UCqg2eLFNUu3QN3dttNeOWkw
People & Blogs,UCGjylN-4QCpn8XJ1uY-UOgA
Music,UCbomPUMyPHCgrqD5iYnzj1A
Film and Animation,UCK9F8nycURBsR0YlrBsu1Ag
Comedy,UCmPSwsooZq8an7xOLQQhAdw
Music,UCsXfDf1CDgU3SCt0gxJNXGg
Music,UCoYfzC2zMlc9M-Odgaf6OSg
Film and Animation,UCbKWv2x9t6u8yZoB3KcPtnw
People & Blogs,UCWcrr8Q9INGNp-PTCLTzc8Q
Howto & Style,UC2WuPTt0k8yDJpfenggOAVQ
Entertainment,UC-F6LZSWz34xKknY8NNCzgQ
Howto & Style,UCSpVHeDGr9UbREhRca0qwsA
Music,UCGej5zp_KWZ-b_1w4Rq2hyA
Entertainment,UCV1JuyDF9Re3HyXFGeqnC7Q
Entertainment,UCMxtWuqP6Ktk1tsSZSstaug
Comedy,UCUsN5ZwHx2kILm84-jPDeXw
Film and Animation,UCK5Q72Uyo73uRPk8PmM2A3w
Howto & Style,UCuVHOs0H5hvAHGr8O4yIBNQ
People & Blogs,UCr8EWTz_8ljPyE27CiSbsGw
Entertainment,UCvrhwpnp2DHYQ1CbXby9ypQ
Education,UCsXVk37bltHxD1rDPwtNM8Q
Comedy,UChoTvF02Cv74FF72OaJtTMA
Music,UCxMAbVFmxKUVGAll0WVGpFw
Entertainment,UCIOUkPJZtWThQBtkCRniSBw
Music,UC9YcTIQuhwgoOQqYMKYqW9A
Sports,UCI4fHQkguBNW3SwTqmehzjw
Film and Animation,UCCrw5RBWF9i8VPt4IxL8IsQ
Entertainment,UCKjjmMqvuxNYw8c6knceexQ
Entertainment,UCj34AOIMl_k1fF7hcBkD_dw
Film and Animation,UCzIdYMdAtTsWucGCZyZvN6w
Film and Animation,UCAOtE1V7Ots4DjM8JLlrYgg
Entertainment,UCS12iihD_IjkXwpI-ZxYa8Q
Music,UCQ5kHOKpF3-1_UCKaqXARRg
Entertainment,UCkCa2NoZlJlfJlMKgZhtKOQ
Autos & Vehicles,UCsAegdhiYLEoaFGuJFVrqFQ
Comedy,UCCsj3Uk-cuVQejdoX-Pc_Lg
People & Blogs,UC_hoQDD6zKcIqpIYLsFbBeA
Comedy,UCi7GJNg51C3jgmYTUwqoUXA
Gaming,UCLCmJiSbIoa_ZFiBOBDf6ZA
Gaming,UCw1SQ6QRRtfAhrN_cjkrOgA
People & Blogs,UCbAwSkqJ1W_Eg7wr3cp5BUA
Music,UCXYRdIXDdeZIf816EWAr5zQ
Music,UC8GkZ5dlOrw-yN_nkOAIzPA
Music,UCJrREGJ2R1mMuKJkZ8SMCcA
Entertainment,UCpdK1NLHxEUGXc1gq2NxkTw
Entertainment,UCWljxewHlJE3M7U_6_zFNyA
Entertainment,UCqFzWxSCi39LnW1JKFR3efg
Music,UC3Pa0DVzVkqEN_CwsNMapqg
Music,UC8zJedg1f4sKnyuHWeS6vyw
People & Blogs,UC0Kgvj5t_c9EMWpEDWJuR1Q
People & Blogs,UCnrO0wqhKpMYUt_wSeaIasw
Entertainment,UC9iDw30SeRSm18kT98F5iAA
Entertainment,UCEY1ejsweY4DgMwOVJeEaBA
Music,UCJ6td3C9QlPO9O_J5dF4ZzA
Music,UC607Gii1uo93qDqiGR6-c3w
Howto & Style,UC2etEuPIfohP4P53wM0KImA
Music,UClZF7OsrECe3t_ADrjZEh_Q
Entertainment,UCgFXm4TI8htWmCyJ6cVPG_A
Entertainment,UCjmJDM5pRKbUlVIzDYYWb6g
Sports,UCBvc7pmUp9wiZIFOXEp1sCg
Entertainment,UCjqZeIIXmNj3WS7auJjJFpg
Music,UCmKurapML4BF9Bjtj4RbvXw
Entertainment,UCEPTp5WMAzjh9mOrKUwRLmQ
Education,UCs0upBDG-dCAxy8_VDPE5XA
Film and Animation,UC3sznuotAs2ohg_U__Jzj_Q
Entertainment,UCPT9_sNLoBLjH1uea7zpVIA
Gaming,UCKYb5XBe-5OSEgLijLSoDtw
People & Blogs,UCi87kxosIT3wrnEA-mv4jWA
Gaming,UCRhV-oIE9SLxRdop9C1hBbw
Film and Animation,UCb1WBEEfA4e6FOLOKAH5j8w
Howto & Style,UCJi_befq0YDYJ9fCeyHxJbg
Entertainment,UCxaVOVnhmT0-HCUv72jtOTA
News & Politics,UCupvZG-5ko_eiXAupbDfxWw
Entertainment,UCCj956IF62FbT7Gouszaj9w
Comedy,UCOYWgypDktXdb-HfZnSMK6A
Gaming,UCuj1Ms9_LCsQPSJ4p8nvOVA
Entertainment,UCHa-hWHrTt4hqh-WiHry3Lw
Entertainment,UCBkNpeyvBO2TdPGVC_PsPUA
Entertainment,UCHwBjRoGO1V-H8QYXjSVHkQ
Gaming,UCcWl6q7rcJ9WoF_Kwmxg23A
Entertainment,UCLk9wddjT0F-HILLRFXodtg
Entertainment,UCX2y61A3llrNxXBHg2EtGQw
Entertainment,UCoy3dQzEdq1y2zMnT4pdj3Q
Gaming,UCsvn_Po0SmunchJYOWpOxMg
Entertainment,UCGTxCNqN5xQx8UnJ4y8cT0w
Music,UC_A7K2dXFsTMAciGmnNxy-Q
Music,UC5jkXpfnBhlDjqh0ir5FsIQ
Education,UCF0OLOFwYYu5SkDNunKMbqw
Music,UCcdOEjqjiVAnUtEFZIRTlHg
Entertainment,UCMtFAi84ehTSYSE9XoHefig
Music,UCZijND2e2tPp2AQL8Go2YSg
Entertainment,UCwaNuezahYT3BOjfXsne2mg
Comedy,UCu4X846OSea5YU6S8fIpy1A
Comedy,UCGwruZaVBlp2AwbdUdNaLPQ
Entertainment,UC64guZp8DXzqrIQ5OPedviw
Education,UCHvoq_rGmOKJKGId1nD1V4Q
Music,UCmS8VxPXxv4ToYpw0Yc2PQA
Education,UCYenDLnIHsoqQ6smwKXQ7Hg
Music,UC-Eh1lR_tWVtv9AvxLybMtQ
Education,UCR-foyF-C6VuAlwy3KZMkgA
Music,UCRI7hheejBbWS6etTNwMT0g
Gaming,UCvwgF_0NOZe2vN4Q3g1bY-A
Music,UCe52oeb7Xv_KaJsEzcKXJJg
Education,UCZYTClx2T1of7BRZ86-8fow
Music,UCb3tJ5NKw7mDxyaQ73mwbRg
People & Blogs,UCqwxMqUcL-XC3D9-fTP93Mg
Howto & Style,UCbO9bltbkYwa56nZFQx6XJg
Gaming,UC9CuvdOVfMPvKCiwdGKL3cQ
Gaming,UC9YydG57epLqxA9cTzZXSeQ
Music,UCHcDpS0TXITVs0ZrBSIsEsA
Entertainment,UCDRbNGFusqlXX4a5vwi9ouQ
Music,UCweazuUMMKdL2wwSyrxla9A
Entertainment,UCzeB_0FNcPIyUSjL_TL5lEw
Music,UC7rVvFP90pl7tAtPsVIhfww
Music,UCopY0NAzASqmD6eVaRj2TFQ
Music,UCa7nT-pEV7Aeh-ntjecu7xw
Gaming,UC9lSZSYpDDE18hoFA7YlBpw
Entertainment,UCpEJRZdSpdVZ8vh63T9I2KQ
Howto & Style,UCgoxyzvouZM-tCgsYzrYtyg
Comedy,UCaRH3rDr3K3CEfhVqu5mgUQ
Entertainment,UCJZ7f6NQzGKZnFXzFW9y9UQ
Music,UCzL6rJhkoXkIt0fCv9T9_uA
News & Politics,UCLXo7UDZvByw2ixzpQCufnA
Music,UCwTRjvjVge51X-ILJ4i22ew
Entertainment,UCyn4UphNjXY8ULKja5F9DBQ
Entertainment,UCBdBf2Eh24nM5PJyM2sdFPg
Howto & Style,UC6jgzx2g3nlbaYkd8EMweKA
People & Blogs,UCudeRz9YntRrmKBSqnHyKGQ
Entertainment,UCANBW6ACWi9huiCfbKk1pbQ
Entertainment,UCwgURKfUA7e0Z7_qE3TvBFQ
Music,UCF6jRAgCbSanHolKt0Vt6Qw
Entertainment,UCadtap8RYMNy8w4K9lXhzpQ
Entertainment,UCJ6kxrH8SKz9BiSJ--xeh1A
Music,UCCTR5nIFvWBW9MeGEGPNG4g
Gaming,UCyeVfsThIHM_mEZq7YXIQSQ
Gaming,UCrYnLkVfvVf0Qy0YOUQdk2A
Entertainment,UCwrfRCqA9wvqp9zCvzLl6Sw
People & Blogs,UC0rzsIrAxF4kCsALP6J2EsA
Education,UCHnyfMqiRRG1u-2MsSQLbXA
Music,UCPNokRZ9hacjIQ3IQL6HNUQ
Howto & Style,UCiP6wD_tYlYLYh3agzbByWQ
Music,UCrFB54bqp8sda4udJyNswlA
Entertainment,UCWXrx8EldKEgeP1KpbmUjBQ
Film and Animation,UC2iUwfYi_1FCGGqhOUNx-iA
Music,UC-FQUIVQ-bZiefzBiQAa8Fw
People & Blogs,UCrUbqTCagwsaP2Fmr0p1TsA
Music,UCnrG75VRwdlp2wtwfpOCBRQ
News & Politics,UC9k-yiEpRHMNVOnOi_aQK8w
Gaming,UCGmnsW623G1r-Chmo5RB4Yw
Film and Animation,UCH6vXjt-BA7QHl0KnfL-7RQ
Sports,UCvgfXK4nTYKudb0rFR6noLA
Music,UCk0wwaFCIkxwSfi6gpRqQUw
Entertainment,UC2LgZ_4GzSFQS-3a87_Jc6w
Music,UCu4bj03KW4CwAsYtHSwMEsQ
People & Blogs,UCdAt_KUKt0g9ZRQ7gwKaN3A
People & Blogs,UCZdGJgHbmqQcVZaJCkqDRwg
Comedy,UCbwMZHCMpBiOWfYLBOH-9Qw
Comedy,UC-DUrA-h7-s_C57ECJ1BFPA
Entertainment,UCqNe2Mqtv5sNidn5hAAEfiQ
Film and Animation,UCFeUyPY6W8qX8w2o6oSiRmw
Music,UCEOhcOACopL42xyOBIv1ekg
People & Blogs,UCey_c7U86mJGz1VJWH5CYPA
Entertainment,UC3q2YwNGj7ktNf70PqMW72g
Music,UCM1VesJtJ9vTXcMLLr_FfdQ
Howto & Style,UC_GvMVffgctSISDkeWlKhXQ
Entertainment,UCOjjJFywLQTzZcARKsTUzXA
Music,UCr-gTfI7au9UaEjNCbnp_Nw
Music,UChYwYTzrhfxPfJPFWRlYwUg
Comedy,UCkS8bfIrm38QCSQeOqRxR4A
Entertainment,UCQCnMFr8uHBaMTaNBhych_A
Music,UCTNtRdBAiZtHP9w7JinzfUg
News & Politics,UCE2606prvXQc_noEqKxVJXA
Entertainment,UCAgx4HcQIYn9lM0rhtIuH9w
People & Blogs,UCGDumBSWK7q6Rpdwz8osbYA
Howto & Style,UC4qk9TtGhBKCkoWz5qGJcGg
Education,UCJkWoS4RsldA1coEIot5yDA
Entertainment,UCfw8x3VR-ElcaWW2Tg_jgSA
Education,UC8yX6-5IQGOFJw31V2sw6GQ
Entertainment,UCF5UrKfIq5ap9skGOgm4W7w
Entertainment,UCsn6cjffsvyOZCZxvGoJxGg
Gaming,UCcfUAgCv_13Y7FyMCQ4rPYw
Entertainment,UCqvS0UZpSh8ydVQ7TxGNOJw
Music,UCudKvbd6gvbm5UCYRk5tZKA
Gaming,UCrSgaO6xOY8YV1EoCbD51HA
Gaming,UCpDzpaUTbIkdjkCZ9pmfMrA
Entertainment,UCHFA6Nt11kE_8OWIya0SQDQ
Entertainment,UCY26xU0-avwTJ6F6TzUZVEw
Entertainment,UCe_Fx4EZAgKjDz0aQ_Y7hSA
Music,UCZH4EVUqljV-zkZEd0Ot7EQ
Entertainment,UC56D-IHcUvLVFTX_8NpQMXg
News & Politics,UCfwx98Wty7LhdlkxL5PZyLA
Gaming,UC_F8DoJf9MZogEOU51TpTbQ
Entertainment,UCMkfcY0uNTa7hccthSooPnQ
Music,UCaB_KyYOjfNHBm0f-TvBmiw
Education,UCgJjd8J5moTQSwnCIx4WSIw
People & Blogs,UCYJPby9DRCteedh5tfxVbrw
People & Blogs,UCUKxWDTKylMaLjbNe3pOpCg
Entertainment,UCx790OVgpTC1UVBQIqu3gnQ
Education,UCgVHGvujcrBaXP8vUJ_SzIw
Education,UCGi_crMdUZnrcsvkCa8pt-g
Gaming,UCNdpD9V0PIrH1glUJ6RG4-w
Entertainment,UCspJ-h5Mw9_zeEhJDzMpkkA
People & Blogs,UCC3OGYxHwV8pB5yLobw9KdA
Entertainment,UCw5hxC9BldHV8cU8PgbNY9g
Music,UCJN4c_lZorb_0eyIP_tSS3A
Entertainment,UCSs9H1cyB3OHdy8wkit8ZKg
Howto & Style,UCH9ciCUcWavMsFcAJtLUSyw
Entertainment,UC2nZMhZ2qG5-xpqb440WLYg
Howto & Style,UCF1MvdmVoBk68RxduPdaAzQ
Gaming,UCq54nlcoX-0pLcN5RhxHyug
Music,UC-vKwDHcbPLtjml81ohGRng
Gaming,UCgrA08uO7JR9h6Xr-ONjPkA
Entertainment,UC6QWhGQqf0YDYdRb0n6ojWw
Entertainment,UCPcynnZcILjm0e2aaaTuCjw
Entertainment,UCXZpQgX1897wYDLtvzmgyIA
People & Blogs,UCcPrIyV7VhqxfotQCAeD1ew
Comedy,UCEmCXnbNYz-MOtXi3lZ7W1Q
Entertainment,UC78cxCAcp7JfQPgKxYdyGrg
Music,UC_pwIXKXNm5KGhdEVzmY60A
Music,UC5-gWZXAQqSGVfPHkA7NRiQ
Music,UCjNRJBlxvvS0UXAT2Ack-QQ
Entertainment,UCDfk8ogO6QGeJAYCY0QDzKw
Comedy,UCxOGHW-aqciBe5Wjq8ltzOg
Music,UC4XR0EZ0oHwSV2XhhShzX5A
Gaming,UCGIY_O-8vW4rfX98KlMkvRg
Film and Animation,UCGwu0nbY2wSkW8N-cghnLpA
Music,UCFNosi99Sp0_eLilBiXmmXA
People & Blogs,UCRiMBJf62RzwEHK28bUf4vg
Entertainment,UCfhmwml--SRANrIVWxEM-SQ
Howto & Style,UCLEKScK-KhlSC7Nq8UBAa6w
People & Blogs,UC-fouMSM9Zot3x8Hw2_Y5yw
Entertainment,UCbochVIwBCzJb9I2lLGXGjQ
Entertainment,UCAVns3lt0t7w8lmUZQFlvrA
Gaming,UC4f1zAG2BTkfOQV4_nFbpBQ
Howto & Style,UCUMyZ3GFwAPkEuai3zR3rxg
Sports,UCnzbVkknmqhRqUKg7RDTDeg
Gaming,UCC-uu-OqgYEx52KYQ-nJLRw
Gaming,UCDwujczvdxbbVHg-V4-kC-A
Gaming,UCdJdEguB1F1CiYe7OEi3SBg
Education,UC6zhI71atP7YLoZyIyCIGNw
People & Blogs,UCHUE4ypXKp7ZkmdWbGJNgJg
Entertainment,UC1KdVb6D5C0pJqEA8cZPL6Q
Gaming,UCZUrS0zDszsXI_5ir_tI3cg
Music,UCBFaOy1_APEXEyA6Gws_Y1g
People & Blogs,UCa7507M549AiDKN8J89tn5A
Entertainment,UC5M_h2S8Ldoc9M6f7B-_m6A
Entertainment,UClkUrNgGC4BD6pWURJbM9MQ
Entertainment,UCI4I6ldZ0jWe7vXpUVeVcpg
Music,UC6awBq3lKY35T__puHY2OYQ
Entertainment,UCQ_RJNjvGLGLoxU6pPodvkQ
Music,UC0sL86jDLgs2fGRD-XBnPQA
Entertainment,UC4JCksJF76g_MdzPVBJoC3Q
Education,UCKcQ7Jo2VAGHiPMfDwzeRUw
People & Blogs,UCnoqvTW4YZExfDeq7_Wmd-w
Entertainment,UCvgteBQjoaxE0bhFkpu8qAw
Entertainment,UCNJcSUSzUeFm8W9P7UUlSeQ
Music,UCAfvFXvjzEupwo2NtyDhRZA
Science & Technology,UCUHW94eEFW7hkUMVaZz4eDg
Entertainment,UCPT5Q93YbgJ_7du1gV7UHQQ
Entertainment,UCXUVnTEsLZBim_WlWxBvEwA
Gaming,UCHdMK5Ef2El8KbD3L_WgANg
Gaming,UC_ItCy-BTDCULPpDPlieUKA
Music,UChEYVadfkMCfrKUi6qr3I1Q
Entertainment,UCtg5C-d_3rPUgMaxr285mQQ
Autos & Vehicles,UCes1EvRjcKU4sY_UEavndBw
Music,UCREhun2tPd7aQnJczZM_Mww
Music,UCCFJeI-2sT_cWgz-QJRgbCw
Entertainment,UCQjh-JVPNWfY-KsZS3RgRHw
Music,UCTKDB3h5zMdf_2siDHsd_yw
Entertainment,UCGXUFnA7-MzlMwJjl0r2qyA
Music,UCsvSj8bT4xqQecl_5nh_cwQ
Entertainment,UCVE91qOw9Ke8EsK95lMuF2Q
Gaming,UCERUmrDh9hmqEXBsnYFNTIA
People & Blogs,UCef29bYGgUSoJjVkqhcAPkw
Howto & Style,UCD2vBGB4mK7h3vaBchwvtvw
Gaming,UCZyxY8Q7xgUCXfFViWkjrSw
People & Blogs,UCF2oW5-MO8dB6ul9WH9xi0A
Gaming,UCbgtuRStKI_5ACSjubSTUPA
Entertainment,UCl5hl5HIQqets-5iHhgrqOw
Music,UCNpY5DI8KO-ROA2BxgGWrXg
Entertainment,UCu59yAFE8fM0sVNTipR4edw
Howto & Style,UCH8NnRkxQg1zX7mHFRPq73g
Entertainment,UCv5I8kinKQT_cBxhsscnlWQ
News & Politics,UCBi2mrWuNuyYy4gbM6fU18Q
People & Blogs,UCMnsS0onDu4KKLcDWGl3bWA
Music,UCEa-JnNdYCIFn3HMhjGEWpQ
Entertainment,UC2LOY_zd1ZAc1kZPyzoqhMQ
Entertainment,UCjS0hMS5sneIgsb3PjBc0Bw
Music,UCr8RbU-D7iSvpy0ZO-AasoQ
Entertainment,UCiBigY9XM-HaOxUc269ympg
Education,UCjmAh2qxmvWdH3xNPbg0IUQ
Entertainment,UCLysbxhOO_JPOPgcsPCMb8w
News & Politics,UC11PvrGPzo6Y7Zc6-e9cAKg
Education,UCKRavtVhYBxTzigyGVLPPZQ
Comedy,UCpi8TJfiA4lKGkaXs__YdBA
Comedy,UCXgfQbfVvYA9G9-Jb9cBSYg
Entertainment,UC5Ti4_DVp7LW34PjEwB13Xg
Gaming,UCzTlXb7ivVzuFlugVCv3Kvg
People & Blogs,UCPXyQxTXhWeKJ2Nf6ywzCjw
Music,UCaTEzQ2l5uvEIVg5diys6dw
Sports,UCOiFUE8BrJaAje9IlSmzCtg
Entertainment,UCQ00zWTLrgRQJUb8MHQg21A
Gaming,UC7QiWlK7a7RePg3krLeBK0w
Music,UCE5910LWuMTGWmIJ_WE3KvA
Music,UCrEsfMzcv3zFZkaSj8jsB2g
Entertainment,UCfRNJiafEm1LBBGFTTq4cXw
Entertainment,UCHeLSUsUm_i036m2cBDz-vg
Gaming,UC6VcWc1rAoWdBCM0JxrRQ3A
Entertainment,UCkQO3QsgTpNTsOw6ujimT5Q
People & Blogs,UC977n5nXRn8MDuGQjwxkOLw
Gaming,UC4_bwov47DseacR1-ttTdOg
Howto & Style,UCAeFhampgxy4JRtIDHU9pcA
Comedy,UCVmEbEQUGXHVm-O9pqa3JWg
Gaming,UCNvzD7Z-g64bPXxGzaQaa4g
Entertainment,UCB_Mdi3acqKLRR8zKFkqKoA
Music,UCBRFlde39a2U4nAkmGqJwAQ
Gaming,UClG8odDC8TS6Zpqk9CGVQiQ
Film and Animation,UC7e1XWjOlYy8XlNMeVxeKNg
Music,UCOjEHmBKwdS7joWpW0VrXkg
Howto & Style,UCDHQbU57NZilrhbuZNbQcRA
Music,UC56cowXhoqRWHeqfSJkIQaA
Entertainment,UC7ws6SJL00PEUYEk3txx2Ng
Education,UChRZS2yZ2TDEO13e3g4zHTQ
Entertainment,UC7Gf2tZ8coTX2ckTPgn62iQ
Comedy,UC7FhOuPmxz8spz_xvJf_xow
Entertainment,UC6-NBhOCP8DJqnpZE4TNE-A
Music,UCfIXdjDQH9Fau7y99_Orpjw
Music,UCFHtCB_FWXQ8GpjgfYcD8-g
Comedy,UCywhnhPP3dAw7huG_y0hdEg
Music,UCaNrhBiXsXIM2epDl_kEzgQ
Education,UCBINYCmwE29fBXCpUI8DgTA
Comedy,UCPcFg7aBbaVzXoIKSNqwaww
Gaming,UCbJ9W-EexsJSMc4wMPOA9pA
Music,UCj2GTFekdV3EUsTVN8oaEqA
People & Blogs,UCEYLdM2bdhmw-TS3c0TjFNw
Entertainment,UCkrKW1_u0O8qSc3xsLoRHew
Entertainment,UClG3xO5ruPVabweBBOzZlrQ
Entertainment,UC2rd5cWeATWXJv-dPKGoVqA
Music,UC9YImk7k5T4_LNMnOjiXNzw
People & Blogs,UC-OO324clObi3H-U0bP77dw
Gaming,UCVoKxxQdeckWgU6DQGZCoIw
Music,UC1sqAR9qukJuI5fCra6mP-A
Howto & Style,UCKMugoa0uHpjUuq14yOpagw
Howto & Style,UCIJwWYOfsCfz6PjxbONYXSg
Entertainment,UCFFUY0PCOH3CieBjbZd5suw
Music,UC2qWxZHgnlwDvcmLqP23jrA
Comedy,UCPeZTzsoQ4iBjfkVbU0ilmg
Music,UCuajwgnxd-uxvNzzwYwjifA
Music,UC9snVocfclGhLbFuSgrEfMw
Comedy,UCj22tfcQrWG7EMEKS0qLeEg
Howto & Style,UC1KbedtKa3d5dleFR6OjQMg
People & Blogs,UCrCkLipGria4UloMpvNil5g
Comedy,UCP84QWij0alw4MvzqzyfOnw
Education,UCgrsF4TYwmrV0QsXb8AoeHQ
Film and Animation,UCUe6ZpY6TJ0no8jI4l2iLxw
Science & Technology,UCiDJtJKMICpb9B1qf7qjEOA
Music,UCOhtMAg7xh8wv_wUHMgFc-Q
Howto & Style,UC0rDDvHM7u_7aWgAojSXl1Q
People & Blogs,UC4Pg4VMErK0WQJZI_suR7jA
News & Politics,UCx8Z14PpntdaxCt2hakbQLQ
Music,UCD6aIT1MqFEwscbhuqr9fqw
Entertainment,UCintIUOJEktQBfhEI9XXpuw
Education,UCPMqs8vxEwbie26nFA3ykAw
Howto & Style,UCkDuc9uKZgIzXZft2kkVUcA
People & Blogs,UC3EFKdXAU99j3ppGgvTz7XQ
Music,UCunw-c0EKIX5LpPo8GpA2Aw
People & Blogs,UCQNax8LsGh3EiLF4WmNgDZA
Education,UC4a-Gbdw7vOaccHmFo40b9g
Entertainment,UCQ-YJstgVdAiCT52TiBWDbg
Entertainment,UCoookXUzPciGrEZEXmh4Jjg
Music,UCp-_AjOrkH5Xq9Km8T7voMg
Sports,UCiWLfSweyRNmLpgEHekhoAg
Entertainment,UCTzzh49iUjkikX6ni8uYbSA
Gaming,UCxJf49T4iTO_jtzWX3rW_jg
Music,UC2gMECGMn5TVbRN5S5tKb8Q
Music,UCy2fvV-mH_4AcIgqnLg9uDw
Entertainment,UCtCRIhWVXiQDEp22k8z98-g
Film and Animation,UCLoKWb_rlp80mg0aSLtsUGw
Music,UCUs8sGiP4avNaYNVO22INhQ
News & Politics,UCIvaYmXn910QMdemBG3v1pQ
Entertainment,UCVCdOaiHD05nGQm9tf1SEzw
News & Politics,UC1yBKRuGpC1tSM73A0ZjYjQ
Gaming,UCa6Hg8HmooiDNaCT0_1NbQQ
Comedy,UCOgUcv_9DaivXzsN9mcHIzQ
Howto & Style,UCPD_bxCRGpmmeQcbe2kpPaA
Howto & Style,UC9TreTE-iXwfwQl72DzDurA
Film and Animation,UCph-WGR0oCbJDpaWmNHb5zg
Music,UC3oQ1986eLZ4MhyPBiu54PA
Music,UCU8hEdjK8u27TM7KA8JVIEw
Education,UC8L3Rrqjk6qDjJS35TGHh0w
Entertainment,UCytZlLB3uBn2XFfXlN25zPg
Entertainment,UCMz7JFeTmiO2oJgtmYhpUmQ
Entertainment,UCpgxmlXoDtkYzRQ4cJgCT5A
Music,UCG6QEHCBfWZOnv7UVxappyw
Gaming,UCvh1at6xpV1ytYOAzxmqUsA
Music,UCORIeT1hk6tYBuntEXsguLg
Entertainment,UCzE4rHZD7TdxGqfMzVT_p2w
Entertainment,UCL7UTQpJbDWxzXNBRUyg6lA
Music,UCNnnwVSI5Ndo2I4Y-LPuuew
Entertainment,UCLe_kjXzRP_0opzw-BXiQxw
Entertainment,UCRZPl8_4FXHeFhawbrtxdOQ
Music,UChWmYNTHQpLmJdkScwNrgcA
Entertainment,UCeSRjhfeeqIgr--AcP9qhyg
Music,UC6MfFxrAK-e4HcgJROvDJDg
Entertainment,UCglYq701IltaH0Fk-z3UsSA
People & Blogs,UC3bO1qGcFovPqFEa-mg4EyA
Education,UCmDalaHBMDjFT65eYI50ZzQ
Music,UCS9Lijwamx03o16qbx2gEjw
Music,UCGZXYc32ri4D0gSLPf2pZXQ
Howto & Style,UCuN4A3GCUq5-0wJDSiJoxRQ
Gaming,UCMWHhRY7Iuxwm1hF1Fv-btw
Music,UCnGjxxnmYTUxRl85hrjtEBg
Entertainment,UCnEn0EUV13IR-_TK7fiIp3g
Entertainment,UCb9PvQ2Gv9FDIlwZubVgTaQ
Music,UCmfFGTSsfJVu6CGvL8r75qg
Music,UCcoTDF00osWsjkiO3eC9viw
Entertainment,UC8xib1EjaAbsstncxXSUNZg
Howto & Style,UC8v4vz_n2rys6Yxpj8LuOBA
Music,UCLbdVvreihwZRL6kwuEUYsA
Entertainment,UCkAUThuNDCUG1RMRiCZTm5g
Entertainment,UCp4LfMtDfoa29kTlLnqQ5Mg
Entertainment,UCfPSzsqQWfR2IW8A5vMa42A
Entertainment,UCRXiA3h1no_PFkb1JCP0yMA
Entertainment,UC0vRcJh1-GQL_V4qm5F6xFw
People & Blogs,UCE76CBkDX591pxzps6bySOw
Comedy,UCSOiCD_QJnfDU-jlBDaPxfQ
Music,UCVrPiUtl29kULN2HIAm244Q
Entertainment,UCynnyuoTQ6zQrb8calEKs7g
Howto & Style,UCFKE7WVJfvaHW5q283SxchA
Science & Technology,UCjgpFI5dU-D1-kh9H1muoxQ
Entertainment,UCKuHFYu3smtrl2AwwMOXOlg
Comedy,UCt4atlExw8aj3Bm79nv1fig
Film and Animation,UC2el0G8cIcOOdjlHy2KOBkQ
Gaming,UCoaWFCFBDCXS030uimjZAkw
Music,UC2pLzhDPcQHxLhEKpIQZzMg
Gaming,UChd1FPXykD4pust3ljzq6hQ
Sports,UCDVYQ4Zhbm3S2dlz7P1GBDg
Entertainment,UCDRx0wMgscsG6vPNB0sO65Q
Entertainment,UCB9_VH_CNbbH4GfKu8qh63w
Music,UCJeH7gl6PbDVV4DTldIOPOA
Music,UCOxhwqKKlVq_NaD0LVffGuw
People & Blogs,UC-TFz4MD1ZzcY6NuZAP3Ndw
Entertainment,UCTqEu1wZDBju2tHkNP1dwzQ
Education,UCrC8mOqJQpoB7NuIMKIS6rQ
Music,UCbulh9WdLtEXiooRcYK7SWw
Music,UC_d6W32xuEAyPlf_KmvvwEA
Music,UCUudDyi0JiVmSxarvU98YYQ
Entertainment,UCZpRTwgtk1H0cUAWrHZ1gzg
Music,UCuB7zkQVpcPKzHYJn45vM9w
Comedy,UCwWhs_6x42TyRM4Wstoq8HA
Science & Technology,UCY1kMZp36IQSyNx_9h4mpCg
Entertainment,UCbWPYsyJX1-7uvfOw3LkLqw
Music,UC_Rh_RLrouZHPf2vUFvaP_g
Music,UCX2v47KsDKqajrEYFV7GbBg
Music,UCyFZMEnm1il5Wv3a6tPscbA
People & Blogs,UCK1cdF6-oYMrrfPkGfXwTmQ
Music,UC-KTRBl9_6AX10-Y7IKwKdw
Entertainment,UCgNa58UD6RXkbxgcwwRUtWg
Entertainment,UCw7xjxzbMwgBSmbeYwqYRMg
Music,UCiGm_E4ZwYSHV3bcW1pnSeQ
Music,UClW4jraMKz6Qj69lJf-tODA
Music,UCe3I9BAVCzf9oACYU1EtrxA
Sports,UCvB3solmhqtgDeLpD-yTtfg
Entertainment,UCeDzVIfXdWZe7mCFduIRaFA
Entertainment,UCiwIAU4SNlrcv47504JrJeQ
Music,UCkBwnm7GOfYHsacwUjriC-w
People & Blogs,UCyCyTe_1bT2aIPwG_gxbyeg
Gaming,UCzYfz8uibvnB7Yc1LjePi4g
Howto & Style,UCXTAdFsBmxNK3_c8MUvSviQ
Music,UC5cqeAzY9MJBiSuAtOlv6LQ
Film and Animation,UCzNWVDZQ55bjq8uILZ7_wyQ
Gaming,UCkxctb0jr8vwa4Do6c6su0Q
Music,UC8rVJyj4zE0S9-sccMLifIA
Gaming,UCtb8P4rf_1n8KS8eZk_lNNw
Gaming,UCz_yk8mDSAnxJq0ar66L4sw
Education,UC7IcJI8PUf5Z3zKxnZvTBog
Gaming,UCdySspSHtlMprXVzdjaG9uw
Entertainment,UCU5pQWmxvxqRP5u-SdoV8rQ
Comedy,UCt54Hzhj7RpCWOYpoFJLKAQ
Entertainment,UCWuj6cpZL_T1U508Y082u3g
Music,UCFu2moE2kAMkd5TxfE6fTVg
Comedy,UC5V4HHKqo9-0eQ-Lhjc7C0Q
Education,UCqmugCqELzhIMNYnsjScXXw
Music,UCdfq8-581QVUtVsa8ChVnDQ
Music,UClesqLjeKJd-dG8xLfzJyCQ
Entertainment,UCjJKg01HAP01xCLVhDmnLhw
Music,UCEuOwB9vSL1oPKGNdONB4ig
Music,UCPk3RMMXAfLhMJPFpQhye9g
Comedy,UC37PFGlxWgx4tU6SlhPCdCw
Gaming,UC5QA3ePozxshgdIbYafT_fA
Comedy,UCZ__vn_T9SK44jcM85rnt4A
Entertainment,UCeMsqI6jU9WE2ctsrbxbywQ
Howto & Style,UCgtH3b5WROXZKYiiCKBEsYw
Music,UCf9WY_e35w2UV3LDLKX2jQw
Howto & Style,UCChqsCRFePrP2X897iQkyAA
Music,UCyjuFsbclXyntSRMBAILzbw
Gaming,UCP9tAErY_RlX4RFKssE4ogg
Entertainment,UCYqOeAXJm8yV9sJ8Ud3cR7A
Comedy,UCKcGZgLvLdgD1o3dh7JadkA
Comedy,UCEr55381WIqO1w_IzgcI5DQ
Education,UCRGl2gA9X6BXqOvNL2jePtw
Science & Technology,UCzWQYUVCpZqtN93H8RR44Qw
Entertainment,UCPFVhmjjSkFhfstm2LghZIg
Music,UCOJZ1tna8yj8mAEITPkHNCQ
Music,UCgyFSSvdNv3MC_atQPqM_XA
Music,UCrwmu-gceGOmtZeuTsn7DlQ
Film and Animation,UCxLpKibphYqXrXpxAnR8MfA
Education,UCZz3_h8kVL2VlE784JDkA_g
Sports,UC5f5IV0Bf79YLp_p9nfInRA
Music,UCBL7ZxVX4GvW4CFiES_-0YA
Howto & Style,UC5zSySQab9SA6Wz569WDgqw
Music,UCFzm6oAGFmmZfkrzQ5wATSQ
Gaming,UCj9rK3jt8qmih4mZX0UL67g
Entertainment,UCpSgg_ECBj25s9moCDfSTsA
Music,UCjjC1Jk_1o1VWpLalgo21XQ
Entertainment,UChoQQRDf-zU1h6_YjKkWvdw
Howto & Style,UCBMxQPhfM6nkhQ8vPfQhkCg
Entertainment,UCpuCos88YFmYxjHamHhEJhA
People & Blogs,UCzQUP1qoWDoEbmsQxvdjxgQ
Entertainment,UCDogdKl7t7NHzQ95aEwkdMw
Entertainment,UCnM02drQP-dF7WMgtJHR4Xw
Music,UC9SVhrnsGxWwiBRWT9c7Ozw
People & Blogs,UC_DVkYrg5uDDEjLHx4bStig
Howto & Style,UCvM1hVcRJmVWDtATYarC0KA
People & Blogs,UC7wsSj9925qf5EpfMxHEmKw
Entertainment,UCmmG1PC3Mtyx1KHJfJVGIpQ
Comedy,UCwtnkRZcvL4bfopzJ-Von8Q
Entertainment,UCLbyJSPEe2lx3jY-G0CFR3g
Music,UCWACD_NdQo00BhutSXMKa-w
Entertainment,UCP1iRaFlS5EYjJBryFV9JPw
Gaming,UCrkfdiZ4pF3f5waQaJtjXew
Entertainment,UCUPD0jQo-EP0B1Nf4uzeIMA
Entertainment,UCxAICW_LdkfFYwTqTHHE0vg
Howto & Style,UC9PgszLOAWhQC6orYejcJlw
Music,UCXIyz409s7bNWVcM-vjfdVA
Entertainment,UCAtZ8IT8JSY0W8ecOmtYOdw
Sports,UCWV3obpZVGgJ3j9FVhEjF2Q
Gaming,UCvQczq3aHiHRBGEx-BKdrcg
Entertainment,UCMsgXPD3wzzt8RxHJmXH7hQ
Channel Trailer:,UCBMvWaA97BAegvJ_Hz6Vwuw
Entertainment,UCdC0An4ZPNr_YiFiYoVbwaw
Music,UChpJbg7zMbi5jx9Gdjaxa9g
Comedy,UClWD8su9Sk6GzZDwy9zs3_w
Science & Technology,UC06E4Y_-ybJgBUMtXx8uNNw
Music,UCz9yS18zJGQObwUL_K-ICnw
Entertainment,UChlO3V1jOxk5qOXHNxiLqyw
Comedy,UCzzbaQY1nPim5yroAjtXRTw
Entertainment,UClyA28-01x4z60eWQ2kiNbA
Education,UCpaMmuG2YE88n4XX8zbliQg
Science & Technology,UCQlGBspQdj17WOPBQMT1k9A
Film and Animation,UCR1c65UsjpaVgcLKa7eM1tg
Entertainment,UCZOnSuO8tWFXLp8a828lgtA
Entertainment,UCyU0H_poeSOraMD2y9Vku6A
Music,UCnSqxrSfo1sK4WZ7nBpYW1Q
Entertainment,UCnm_vYgguleXm0FL4F2vejg
Music,UCJgPnkjLwGgbzfbaeJvBlVQ
Entertainment,UCqRxWQHFyjoLGuMTPqXdb9g
Comedy,UCovLyuOCfHLOPP8Jwc3aZoA
Film and Animation,UCKQKIY2YlI4L5QVg7hhfjrQ
Comedy,UCz7iJPVTBGX6DNO1RNI2Fcg
Entertainment,UCR6g32TTJcIRwn71M9lPd-g
Education,UCP9nQIE4mBLSu2nvLDZJZWg
News & Politics,UCZaT_X_mc0BI-djXOlfhqWQ
People & Blogs,UCMgQwzHQrefJYo5GTIvhV0w
Gaming,UCoyaxd5LQSuP4ChkxK0pnZQ