Music,UCAYfguaShVaNDU561_jJoOQ
Gaming,UCTHWdw8oJ6a8XhXdYjeLQ6g
Entertainment,UCaynZO752koKaWub6EDaApA
Gaming,UCdZftzliuuBtz6MqrBa1zwg
Entertainment,UCx-dJoP9hFCBloY9qodykvw
Music,UCUE-BF1Q5E6Sz1KidSnSRYw
Gaming,UCnXDQbqIdp-HQuDyM4p12ng
Entertainment,UCtrVmHIm5rEO0qFwTvnAl7w
Entertainment,UCXpzqihXBKtgkZg6l3-qhVw
Entertainment,UCU4BLlLRsAfKtsYVM0pnU4w
Pets & Animals,UCpKXTEQJDiOtfeLa23_U5hg
Film and Animation,UCKDGP3EheRKgrbFg7EQkeaw
Comedy,UCHVd0LM1g9S0cttDHkidEHA
Music,UCfcp9irZM4H1ISMjnK_auMA
Music,UCiEKDhv4v0YTc-ZtpABkXZA
Entertainment,UClKZn0L0au7en6v0EXvJSJg
Sports,UCSnwORddxZG1SyB8lSxWQGg
Entertainment,UCQeaV6mTxWc3oMT38mNew_Q
Howto & Style,UC1dzkIaMDJzv3ZuS0DdEWoA
Music,UCk9MMP2o_UASd6bCISjetpQ
Gaming,UCOqSCpcT_Ra0maTEwOCeCFw
Music,UC_Cpl5UthLO97XEwcSTd0AQ
People & Blogs,UCVYUMiOc0vgnpKOOsoay3yA
Music,UCpPwodiYc4ceaqEBB54trHQ
Entertainment,UC7e57qWIEAZTQAaFwHpKdlw
Sports,UCiqIsvfU9yPJ8FZsqaErQiQ
Music,UChf0Knt-e9Pw8VywfuTZCjA
People & Blogs,UCnXSkY0ye4bmDFE92sNEtvw
Education,UCaCt9C7hYhnhVzY39Nng6qw
Entertainment,UCqEZdtqi4IlzmASqAjHGiHg
Howto & Style,UC8gbUkfhMi1Got0rMD2s7TA
Howto & Style,UC2bgPCeViczOgAoPJLr_iug
Gaming,UCYCwDl5Cu_QnS-Hm76TnU5Q
People & Blogs,UCJkXdkq70fVx1cBLAr8ZbsQ
Education,UCnk1h9Fx1Nk48WKV9zmeoBA
Film and Animation,UCdrsm2O-1i3zl5K0lVOEC2A
Sports,UC5_i5V3xXxdqF5VKVmJWVZQ
Gaming,UCUhUtZhgZ9x6FCnNXhGCHTg
Education,UC0DAJW9IjtV4lIz7dDVDBFA
Autos & Vehicles,UC05-3kBLehPJb2MPoJIJJ4g
Pets & Animals,UC7azsssU_6geqrRmi-iuGLQ
People & Blogs,UC1wpYTu2dLT6U2kxqOWQeew
People & Blogs,UCwZQMj3H6THlDJeRqxYQfWw
Music,UCDgUVl7BW7bk6FEuiw_q2rA
Sports,UCdyKwzOdSr76_Zov2B3i8ow
People & Blogs,UC5ct4lDoZSBwOiL3kf6uFug
Music,UCm55ke1xuIvjtX5wXkENpFA
Entertainment,UCgPR3trFb_fZbRADdcsMbfQ
Film and Animation,UCSVR88l2gs4_RB3jmNyVhzA
Music,UCQNFTTQRhWKut_6IG91AzMQ
People & Blogs,UC5rjqsGd6hRL6wmeDM8TD9Q
Entertainment,UCaVRk90IytEpDyw9hWNlq6g
Gaming,UCSezUnbvCLYBXuUlPcXU_QQ
Education,UCovtFObhY9NypXcyHxAS7-Q
People & Blogs,UCMObDkERszPNzMU6cYpyh5A
Comedy,UCAToczv95SVPQXYVycoqUKg
Science & Technology,UCXvVAb441c5pLK_ksEK4F4A
Howto & Style,UCULpiAa8nIl_e68y59VYjHQ
Education,UCtIXD3Qtheoq0W_ho7jfJoQ
Education,UC8TyTcK5sjO1unJqngkL_VA
Entertainment,UCjJz6awoJ0Ou719R1VgmRNQ
Science & Technology,UCBLBaTZqjr8-VEjXBnz7tOA
People & Blogs,UC5JLXMuSXsD1T7ZDoAeqJ-A
Gaming,UCewxof_QqDdqVdXY1BaDtqQ
Entertainment,UCfe5LlEryN182wmuuI1sJbA
Music,UC5MWh1k90KULpPOeXAzoIZA
Gaming,UClyfWhFlnrt3oBs2Zs2dH6w
Gaming,UCNc3k3A2FJVg_UJhdMcdSMw
Music,UCWwuQe-SCH4FNtPEDpghwFg
Gaming,UCq-RGlVvKGH9IyXNbhvX0cA
People & Blogs,UCd4lGczJq878Zpg0nGElebQ
Film and Animation,UCqGO_ROIyTqy-rSddMohSDw
Comedy,UCaEk5vYaxTN-8PgSphOI1Jw
Music,UCtyzzW6rIQiGP7gfGTXkhDw
Gaming,UCgViQ4VPyBR5JhsWueRAcdg
Entertainment,UCU-HGStP8v-WXtqXlV2bUHQ
Howto & Style,UCOHlxmUC-vwrhmQNNbtg31A
Entertainment,UCh_VbMnoL4nuxX_3HYanJbA
Entertainment,UCVIGNOm3s6mpZxp0WUfwgxA
Science & Technology,UCqW_a34ZW_HG1P6XIoOHaVQ
Music,UCjSvjbknHwGbU1Kx0PC5zRg
Science & Technology,UCqao-mIxGKsqa_LYiD5nwCQ
Howto & Style,UCT2Kti_gwtLc9mqtiBDFIQA
Education,UCEHp_b02I0GvTYCBPX_0w1g
Music,UCZlPhuBAcNovK2ATCSSz0kw
People & Blogs,UCU1Q_8uk_xgAWXG7OFyVyMw
Gaming,UC3KBofeV1bSk5dU-qpsW-GQ
People & Blogs,UC7kiOVvclvoMyuqF3Vu0SzA
Education,UC0JK044AoVHPmSgy0s7TvEw
Film and Animation,UCrSGNHINpnQsNCZngtEcJjg
Education,UCF1OOqrsruWs3gbGf22gM7g
Music,UCM14G7BECH5jsn5nYzk6gqQ
Film and Animation,UCH46XD3DhkxP-6dTIyqlHOg
Comedy,UClt7yjoY3tYGoWq5UR6vDmw
Entertainment,UCokTNPfCQMbe5lrQ-z_Vidw
Entertainment,UCcVuUt8DKc9xpLCDAVwbuSQ
Music,UCP1eNXDqBWtY9Mxhw3q_wNA
Comedy,UC3ZyH9owd8BIqcvWa-vAjnQ
Gaming,UCau78yk6z8H1WXPfdFDHdTQ
Comedy,UC37aOE883J10-u8JAf333hQ
Howto & Style,UCixo4Ufw0QCdiwqdkRG_LmQ
People & Blogs,UCtLZ6qQgB-EwQy5HWIo3X-w
Autos & Vehicles,UCVYkkBldgGvX2UOFLd4EyOg
People & Blogs,UCbrjv96zKZ8RtfOX0BvfQUw
Comedy,UCWkWw2-DuuVky7R8zgozhZg
Entertainment,UCTww8AN55CS26MTYzp116kw
Science & Technology,UC_b-iRHjvhy5zxKcgqxPywg
Autos & Vehicles,UCQjJzFttHxRQPlqpoWnQOpw
People & Blogs,UCr-lBWA_uyrXhWLiN_Rq1-A
Gaming,UC2YoAlzbRReQU6e7ZghReyg
Sports,UCUAzh982ZbDziKIL8MxGmVA
Entertainment,UCe0CqAfP8uouwwrZNDcHo6Q
Music,UCICMwfLYIwtf2r_ewkuQC_w
Gaming,UC13nPkrDQH0A2s2vx_NAVdQ
Music,UC7wryrEvPNKh2yFMDSEZQlw
Entertainment,UCZ9YdClgOz-5qEvkc1s3j6Q
Science & Technology,UCBmwzQnSoj9b6HzNmFrg_yw
Sports,UCTaUSVAENif_-yp97JEAxvA
Entertainment,UC8y9gEDEWNrDR1rdHa8tK2Q
Entertainment,UCt_Dh1mHXmshdOXhWfWJIUA
Music,UCuAtvWd1izpjrVHLnz8nSGQ
Entertainment,UClf2gNANjffsmhKayGueFJQ
Entertainment,UC40Urh6-F1Tcw_eiWVTsidA
Entertainment,UCVwvPcaag7ubJPn1gOClDvQ
Howto & Style,UCYJqcD8Zr7lm6COA_Cm7ZPQ
Film and Animation,UC_fGtUvYTzYWXVQUwGXleDg
Entertainment,UC6GGRhvjGBpiOalm-jzPHTA
Gaming,UC50kvyiQnRiOfa_l604yS6w
People & Blogs,UCjY6PvBYSUqWpczve9A7KeQ
Entertainment,UCGoAyhBRsAYpfny1dTOSspA
People & Blogs,UCLbtBAADNWGv5mL2InRLnIA
Film and Animation,UCbwxgH3QRM1CAdMqBJ-oh4w
Gaming,UCKq4vmIdOnvkYIfHL9Q8DeA
Gaming,UCe9y7B6Fwl_DXOgLdthPECQ
Entertainment,UCB1-RigeufGnLQk398om1cg
People & Blogs,UC3lH51N1yWo2dDJgsug1Gjw
Gaming,UCIdhrZprAQZIAVEvjVKCxzA
Howto & Style,UC6lim77xHQQ9Tio9e_ydxEw
Comedy,UCwkQJKDzv50kPd4cZzfQnSQ
Entertainment,UC7lAsa9486yCTy58cC-16SA
Science & Technology,UCq7QvGzFUmELy5bjqNfhARw
Sports,UCi3jMEIqgvpcjbeLapWJ-UQ
Music,UCI2GNrhBmbGyz-SGr3jaucA
Autos & Vehicles,UCnmlVR4615MgjmuirhlAHJg
Education,UCkmMACUKpQeIxN9D9ARli1Q
Comedy,UCV35ufkw4kGlQid2ytRgKZA
Gaming,UCHroTZTdUNXeZOWypt4Akvw
Music,UCl_X1mJlL17ZihSlgK_bgEg
Howto & Style,UC9PcvGltzlNnpdjI4lAibkQ
Autos & Vehicles,UC686IJyF40geirhYyJEMfIQ
People & Blogs,UCCdnua4PSRmgmnLVrzICp_Q
Gaming,UCpWim4NdcGFkG8x8kPROCwA
Music,UCxTRQAf0rGrSf-16Nxyuhxg
Education,UCNg4RDHGls-HpbV10kWPlsw
Gaming,UCLFXk9J3O-hhOk0msOjKYdQ
Nonprofits & Activism,UCLZ9qqSkd_t59-TcQ_ki_ZA
Gaming,UCdYE0nKDz64n1lmTV-cqGbA
Entertainment,UCppifd6qgT-5akRcNXeL2rw
Howto & Style,UCMHcnNwDqa7oRtoF7Ti5pyA
Gaming,UCb4_M9EjEHEtvi_zgfcw9FA
Howto & Style,UC1Rcj0I0Rh-W_xAk1PO7vhg
Music,UCIdQTLmkw9c4fatlwpufc4Q
Music,UC7eoqLsLRu18nqF_xetFnmQ
Music,UC8K5IZqMmYr9vSqzGFidsCQ
Science & Technology,UCv_-yc055n1fxFfTYpdaKBg
Education,UC1pUFgoqKqy_sfzF0_rtQzQ
Entertainment,UCm3GpkVRonpt2BHrt3GhwjQ
Film and Animation,UCKwpJb8i4HujUYCcHO29pAQ
Gaming,UCEGGfAGliVUKFnGl4M0_ZQw
Film and Animation,UCccSrBPy_nfRUlGLJiI-beQ
Entertainment,UCKk4u_lxbfeWG5t3J3IxhRQ
Music,UCrlNi8Z5TXfWJf4psK76KWw
Science & Technology,UCzz4CoEgSgWNs9ZAvRMhW2A
People & Blogs,UCyDiSEeedtzg001Ttp52d0Q
Comedy,UCA084oRlsCWBRHwAMIh_eqg
Science & Technology,UCh2tvY-E2uXX85HeLwx9cLA
Music,UCaaLeJT7Q6bh1XaHWzmRDCw
Music,UCNkhZlHm1ccjIcDyt7W1Opg
Film and Animation,UCKaDRQHf0AELJUcsi64WRtg
Entertainment,UCrg86qHshl4dGNc04A8RNDg
Education,UCoMurV7497Rj7kk5i-UXUhg
Entertainment,UCgj23Szu6ZYEvxiJCFjQ_7g
Sports,UCLWuczgyV8OKhH6UWgSXM3g
People & Blogs,UCE7GmAYeBVgqDItdX2ihuHQ
Music,UCBYZoHt2SRQWIMbpROlPxIA
Entertainment,UCBHD6Yg8R1yS9akfGm4mecQ
People & Blogs,UCd_SyDWOzXQd53C6efvFycw
Entertainment,UCASPsfmVJkEsWoBY28dYaeQ
Music,UChEzgc8o4xmWCYwjsrZ3wOg
Howto & Style,UCyLchq4V4lM16CGEjYTGaLg
People & Blogs,UCAG5N1O-KThUTQRNWGlYkmg
Entertainment,UC09O9U88SPl2o5st7Caj2QA
Music,UCfnLDq6CLpb7miiQ5HtHvCA
Comedy,UCeZ_GliTTOBahnjcnnRihAA
Music,UC6jcUzSgU5iiPVOb_zjiCkA
Comedy,UCFBKoqcCRHlObULON88fMuA
Music,UCuBuvOo0l7S9Yf-RbrGScBQ
Sports,UCULYSPB1CGLZISeBNv1g7YA
Entertainment,UCJZdKTQFtn-Qej3HRI_3HGQ
Gaming,UCG2VqN48rBIM7ur0AA5_x0Q
Entertainment,UCNMqPDq8-LfVH5d_8ryOBoA
Music,UCbGpBzrgxMSkHsJRGP6BEqQ
Science & Technology,UCf1t8-CrDNF2yq9GstC58sw
Gaming,UCNmQCKo35ACnJkJavKG0C3A
Science & Technology,UCAnLirDjankwcVDbRN58Qxw
Howto & Style,UCHOJRAJCq-tvYcPU-rhJdpA
Comedy,UCPTVYxUoYWhNa8J7GzIGnyQ
Music,UCp-6Pb2rinuSUaoNRLIJaWw
Gaming,UCXN76fKLJUFeMK12fAN5Gug
Howto & Style,UCY0-fBwD72-W4w3MisVCVFQ
People & Blogs,UCySCw89th9lUBVXksTl4lKw
Entertainment,UCp_mZttcKNIcUBVdi0wTdIA
Science & Technology,UCs992d_KvWKf6Mw_2T3F-Jg
Entertainment,UCopU6KXnK517ycc4tZyzm-g
Music,UCdkBa5GZKEAfiTjqfqotWhQ
Entertainment,UC9yqh_nc7JgWqQSMiE8EP7w
Gaming,UCuJyaxv7V-HK4_qQzNK_BXQ
People & Blogs,UCNnv7-2ypvF6z8zJuR-3clg
Pets & Animals,UCYd6CmhFvvq6yruUBmGXjuA
Entertainment,UCxY6aVCtHoVNkqBa5iYuyow
Music,UC9WDdfvgUbylPrFTUqBnQYQ
Howto & Style,UCoEHWT2t52F0CcAxtqSmjcg
People & Blogs,UCrL-kjVaeg4hOO8ScOp2RXA
Nonprofits & Activism,UCPSWJqJXf1llYh2tHBihlVw
Gaming,UCk4o4gWFuU2YTS50ym4RbXg
Entertainment,UCWN9SwTumtw9I_4tL5NnrAA
Film and Animation,UCAmia3u27mHY-Y6c-lwakAQ
Howto & Style,UCLaXbA46Gd3pmis_aHf38Sg
People & Blogs,UC5cEEpOjY2XVzGylMhjEnoQ
Gaming,UCVw8WSz1c_cazwOA0Yk_P_w
Howto & Style,UC7fPf1yuGaYFmbxe0ZrshWw
Gaming,UCe-EgAQROnOfduy5sw-KVDA
Autos & Vehicles,UCn7MpX76Bou10j6IkgAcdjg
Entertainment,UCciKxVP5wiVRaNz_Ls5ibew
People & Blogs,UCLLJ-WNgEp0Sg7zPShZgETw
Gaming,UCzyodqoxqQlHj_KlMVEO62w
Science & Technology,UCF47He8GtRaSHeTvvsyAOrw
People & Blogs,UCXg3ojSAnfdO-x6AK8bJE6Q
Howto & Style,UCaaApS4TMI3KueyAkIQv1XQ
Gaming,UCedmzK8pHrU57erP9_oYNJg
Entertainment,UCC9uqoIkY8Nd7J9Gnk98W1w
Entertainment,UCHn_gfWxbhVQvRU02B2ddDg
Music,UCvHE-TFHDPThpaV-_ZL0mXQ
Sports,UCHYhXiy8KYCuYgz3MvZrptQ
Travel & Events,UC1R9fG_iKqvt9FIhEQH9nTA
Music,UCnX0L9QiftAcWdzeBx31xCw
Gaming,UC8ZGymAvfP97qJabgqUkz4A
People & Blogs,UC3sezeaHPsJW9-TRGnQXlRg
Entertainment,UCqolymr8zonJzC08v2wXNrQ
Music,UCovxnbWKPCA5iJDxa9zbBew
Education,UCVcQH8A634mauPrGbWs7QlQ
Entertainment,UC8VpMkDsn6QrXqhsbxMiQZg
Travel & Events,UC7tpsLgdMCWAk4OvULGBjEQ
Howto & Style,UCivxg7swM3CRw0yGPmjzW-A
Gaming,UCIgMcvFx3m38GRlmZdmcklw
Howto & Style,UCLSZJjsIItAr5lR3U1iLaMA
Education,UCUBrnXU86gFjBQBMebsMZ5Q
Entertainment,UCfvHjObRh4HBFsf5MfO9P3g
Music,UCovgZ-ZgeyugVX-WFK5AZRg
Gaming,UCW66R-sbBcxSxGEypKTjW7g
Music,UCOSQT9B5YgdOrEQRyRUdY9A
Autos & Vehicles,UCqE3IQPWUDA9PZGaT6BDAKw
Comedy,UCtfHXfx7Gz-drag8I67PTFQ
Gaming,UCy0Ko4N-nptnZR-ajH71gcA
Entertainment,UCfwEsuyMCLEd0eLntOEDn0g
Howto & Style,UCj_tF-FVBBqpV7zS81l3G7A
Music,UCIrvcrqP6_N3ffXT6I-sdog
Entertainment,UCH0rKjflgPZGTJ8rbizmAsw
Gaming,UCVAYy7_zddIx6USjXscV9Vg
People & Blogs,UCsnH4_UnQs5D-ye-SEnHxpg
Entertainment,UCHQda5vLxrH0Ff0I0kMq4zw
Gaming,UC3QqhjHqe39llQxSKduj2bQ
Entertainment,UC23zfpquyxJLwpLDDzeBVuQ
Gaming,UC6oVY1-ogTqvXc1dlBw8oVg
Gaming,UCubqpKp3okBcmhFCqkllA4w
Entertainment,UCScswbWVOicLBZwD_6zfXkA
Autos & Vehicles,UCwJOLhqkBHVnT5wA1mkOzdg
Education,UCak0K2x6thcwx2HgvLKbkDA
Music,UC9uy7qLhWgiSbsDUGHe1z2w
Sports,UCf3cbiNQccgbgzkQccLTKtw
People & Blogs,UCsmcjq5aWXgbmkEGFfJylLA
Gaming,UCkmP59n7648ESU0PJsJMiRw
Music,UCJoo1WN2SdkSW_S1ffUQY7Q
People & Blogs,UChl-lOZZY2vo_Zho6cfj0uQ
Film and Animation,UC6S81Ox7_peyOW74BvVTXYA
Entertainment,UCeh2lG0oUUMk8B6-l5ctB6w
Science & Technology,UCFvPvwa0SwuJ230VYRMA5BQ
Gaming,UCxpdYMkce2UU06MzhKEzXTw
Entertainment,UCeoOSCTTEIr86AnBJk8C3hw
Gaming,UCgTeA2SZ5qLAPla6CKyvLgg
Film and Animation,UCperY3qUq_uTOKVtehw7dyg
Film and Animation,UCiHHdByfjKN-xbIEr0B06AA
People & Blogs,UCCwoVHwCnMi5R0AU7RKMzLg
Entertainment,UCUuENVpVuzqpRsXWIDlpQTg
Music,UCA5LlcuIsf328EIv32155_A
Science & Technology,UCT9D87j5W7PtE7NHOR5DUOQ
Entertainment,UCk3vAQoPPXpYdnyqpV7kx7w
Music,UCJ2HGwqgb0RyWC6n7YR8bIA
Entertainment,UCOtRQwbb28FGkDWpfY4H_yA
Music,UCOlgoMAdBdSTx6E4SBA__OQ
Entertainment,UCUoZHcIYtM1-FkcEqVSdAbw
Howto & Style,UCY6B-rb-AgSy4nW3DX6uKDw
Education,UCC_cgSSGgohj40ao06D_2IA
Film and Animation,UCaWtZ8jphCWKcbS5QwkkIfA
Film and Animation,UClv1BEkv5QTTbbo8SdzIbLA
Autos & Vehicles,UCZGkMJEmCR1IqUduqt1uFUw
Education,UC_o5fiEizZlEYMG01lYtxZA
Music,UCFX8go5jeQ_9_Pk9WFl5tmA
News & Politics,UCpbW96xFi7vbTM98vGMQh-g
Music,UC6RPdnYQ5-s-RmI3r1KRULQ
Howto & Style,UCxJ67xR4HBkLe5gnwJZRhXg
Howto & Style,UCb_bRlGpBlwP_u1e8AwQBpQ
Sports,UCKqHSCa-udmRs81EMgC9sXA
Howto & Style,UCraGaDLfWec67xl9FEPndtw
Comedy,UC61qCGl383-RjaQAYWNogzQ
Gaming,UCJJnOuMO0CfGK_Bh_cFIkpA
Film and Animation,UCAEec0H8dV1Bic5fHQ4y-Ag
Gaming,UCIL-JFLvovsFao3vrsXGzag
Music,UCT8ki44uXsJC8YMoc1TKD4Q
Music,UCEH3PbcGhT4OZXPpK8NadSg
Entertainment,UC7FxDmeUBSNL-CM6OWDEjwA
People & Blogs,UCSB0U3j2joveOMqssQridXg
Howto & Style,UCdXCDBx-E4S28GCAypXXHiw
Comedy,UC7SeFWZYFmsm1tqWxfuOTPQ
People & Blogs,UCdW5Isc5VEPWPXyMpwW4uBQ
Entertainment,UCoc8tpGCY1wrp8pV7mI0scA
Music,UCJnYM0A1ec_yqU3vpNGWyAw
Comedy,UC3uTUlmgECBnsP777U4GPKQ
Gaming,UCKToYSCkBY_jUYO2AjxfGVA
Comedy,UCeI9i06e7dOYKYCeoSJOh9A
Pets & Animals,UCVTchywoHQniqChwOb66p0A
Autos & Vehicles,UCHcRjWV5XOGdYkM7ruvpgxw
Howto & Style,UC0dtFVG8ppG325ggtXLUpIw
Music,UC60eTZZBz_KSpVAz5PwdNGQ
Education,UCHdluULl5c7bilx1x1TGzJQ
Film and Animation,UCkRu16aZb_t7hjIxL5eXmFQ
People & Blogs,UC1h3PH0va7FyAJVc6zNYcTw
Howto & Style,UCX62KFdjkajvGN5_lZEPcWw
People & Blogs,UC2W34qYXiZxhOmwQi_u33CA
Nonprofits & Activism,UC5flkNn3jfdyD40tveB8qVw
Education,UCTWPqPN7furACf1S66ook1Q
Entertainment,UCEhBNCfMj4K153bSlFRVt0w
Howto & Style,UC5USuCxE1scNBLPQKci_3zA
Music,UCS0mAvuPKmDtQEJVs5l8fTg
People & Blogs,UCqkZAEP9kXGi6V0hqFfIxJw
Entertainment,UCGbQJy-531_5vfphay-rChQ
Howto & Style,UC0HVR9T6oFS3veefhGCGEsw
Music,UCvdBQY1AvNjh7nexxgnhkmQ
Music,UCcfVrE3mmeQZ_RN3u5cUECA
Entertainment,UCOyYs3ZtsGMmt3L5eaywsXA
Gaming,UCugJq15BiB-c1NDYPHiznWQ
Sports,UC6P7Q4gKwCK3oW_o5GseYsA
People & Blogs,UCaEOfvyMhGEc1LrYC_JbJbA
People & Blogs,UCtfE_ZuCHaAqIDEsxJeuP8w
Education,UClBrbJXNh2sFxOuvH4o5H9g
Music,UCdZe3OmKYiIwyrLFEEbNwVw
Gaming,UCG5kMICcdFXNhhK5KyggloA
Entertainment,UCYPvf53wDBD_6nNieGZPyYQ
Gaming,UCJi1hYzUSyfZ6y2yjbipgdA
Science & Technology,UCuO06egvl5yE__rR_02WUZw
People & Blogs,UCdfY92dfFmpmRUGw5jQVA2g
Entertainment,UC-ZQaezPlUTe94-7buWtIfA
Music,UC2-66t7MErnLRl4nzjgsrgQ
Music,UCpY9G2hAFggZ6vPMRga2zmQ
Gaming,UCrEj4d2ynysNsYttTYROXEg
Entertainment,UCBWKYAUqlpjJ0pHnHKnfLBQ
Howto & Style,UCTnFkpjxAoJZJUGYvWeg63w
Entertainment,UCTUWkjuoYgwsjuSqsFrYA6w
Education,UChj0w0duKtp7SDd_X9CNptw
Comedy,UCDIFPycV3ZcFaoZlSwyUXWg
Entertainment,UC8JT4z4HMQt4ECORT6AxUlQ
Entertainment,UCxwixkUOXkCetqHdkNUf55Q
Music,UCwLK17rpMFUfktQEcMzSyWg
People & Blogs,UC_g3TD1LEhCSgTI4gbQpmPA
Film and Animation,UCgGzwBOb0D4fSTXfv2n1TfQ
Howto & Style,UC3F-JHtuALGJjdo_bm4IDwQ
Nonprofits & Activism,UCQRzfTTft_QSGhmhhOUrd-A
Howto & Style,UC5DWMomZfXVhmEByv5ChP2A
Entertainment,UC8mpuX2L8umy9fdwcqYs4Sg
Autos & Vehicles,UCB6003YOIDVODeqML0DHLxg
Howto & Style,UC1WC6m1T7gEs-k_0ozpFQ3Q
Howto & Style,UC2QSX1z7lvF3bWXv6sK0UXw
Science & Technology,UCXDorkXBjDsh0wNethPe-zQ
Music,UC5z8qUMf_wvFoqEprUIYZoQ
Howto & Style,UCTvvHrBdMUfoyajlFzxzxnQ
Autos & Vehicles,UCJyVgjrb0nQFdxL-3X98SfA
Music,UCudVs2Mp6R8tr_iRleho3eQ
Pets & Animals,UCz35G-z-ZB5rTma2yka7G8A
Gaming,UC9GW9Me4ZRCa1YjkuJ3WNog
Entertainment,UChuCXb3WmWOcRlNhDfawasg
Entertainment,UCcj4TuaP3w6gQ9-mCuhVlpA
Sports,UC9nq8hTJDF7rZh_-5ZDsfFg
People & Blogs,UCE-0TUsfC17PTBfzLFUxOcQ
Film and Animation,UCVY0bbJsD5YaEySYqHGeA2Q
Education,UC7EFWpvc1wYuUwrtZ_BLi9A
News & Politics,UC5mwDEzm4FzXKoHPBDnuUQQ
People & Blogs,UCYgGbqcKeXjAnkT54uFPRZQ
Music,UCtFvY-LpBjncs_5RTUWX8eg
Education,UCCqaVrhiAq_5GctDshKxx6A
Howto & Style,UC-mConRSkyYyFrvMH3zQNMQ
Howto & Style,UCar9OcxIkK_D1z_MVYtpuAg
Music,UCa41eRZNUMi_6aO4u08FulA
Music,UCY80HNmq5TLOMurqTCg4gxA
Film and Animation,UC3HxTGAxX3Ej4Bqf8LDpRtg
People & Blogs,UCBCiDM0WrCAvTHmdVz_GDzQ
Comedy,UCmpgcbIruOQ2LDiB6gMuSeA
Howto & Style,UCQPnuUWSIzpdEN0R9pYRScg
Autos & Vehicles,UC_MKgJmMCjIMRKJ5Zb3ivuw
Sports,UCZq427EjGqUbV6pZIjEKkgg
Entertainment,UCCwlnnSgdZqhg-Py5tUhY0Q
Howto & Style,UCr_RedQch0OK-fSKy80C3iQ
People & Blogs,UCToAx1OlnjgGaGJUW_YnUKg
Gaming,UCnGp2o5huXFqBHUn4V1DRrQ
Entertainment,UCjM2lPMHgNroIqQj9jX7rFw
Travel & Events,UCFuxLOUo41P3eEAW8U-Dwjg
Music,UCNXLhzxafCGz5zOYNmZ7G7A
Music,UCSWvhyEGrx2p0RsEcZ6il6A
Howto & Style,UCV7p7Vhocr5rEF0vTL0NTVQ
Music,UCt0yiqIxYanefVOwP7yVPcw
Gaming,UCVu1acqOmA_EsUgYWrSDptQ
Music,UC0y8P5OjTKLTpnDt62WJzCA
People & Blogs,UCfDoPEgiYTMmraXj8HS7s4g
Music,UCw7Krs0sYKx-tgX_d8A7Bqw
Entertainment,UC9LHc_yOLvMxBn9VYrV8Gxg
People & Blogs,UCOSGEokQQcdAVFuL_Aq8dlg
Gaming,UC8i7Lym25uZFGXiyWqTF5ng
Music,UChyNGkmjzkL8Onr82LJD0aw
Sports,UCUASXiayHN-I1B6wx5QmOpA
Entertainment,UCkLXELm63_pH7L-r-548kig
Entertainment,UCZ7jrpFx6CSGRxdWh1UlljQ
Sports,UCoksUYwZs5zvLTcs3n-hpzw
Music,UCyR_nbNgi7Eypqb2rGDjJWQ
Entertainment,UC8u0tg9pQ28-0gTydwQseEA
Sports,UC94RbhXOgpsLCuj2bKCbtoA
Science & Technology,UCxQbYGpbdrh-b2ND-AfIybg
Music,UC5-cg5RahETrjGu-r8zjYCQ
Autos & Vehicles,UC22zQ9nBEk6KOjUWqR5XXZg
Science & Technology,UCmbzthMYaX8FAe_cZSrGMrA
Education,UC1rKAv7IwCeynqa9MPNfYaA
People & Blogs,UCwpunSlNcqG8WCGrnkEgrJA
People & Blogs,UCc8cHxAZ3jwWkrrDyaLwDUw
Comedy,UCY6S78uy7ViTx5-Wc029oqA
Gaming,UCxLbi206tMsvXcaSQdJ2TVQ
Science & Technology,UC5p2HB41JVstSICaaqOr_oA
Film and Animation,UC-B06UJxJ20HYv15lzrm9mA
Gaming,UC4exMFDKv2U6TGgi9pLQxPg
Music,UCHTIZElRhf4LMnG5N9yHQdA
Gaming,UCG9ox2cpkyzveP85HoJndXg
Comedy,UCC03-Rich_1-C5sJ2QQAhWA
Entertainment,UCs1APU4_lj3PgZz2B4HeadA
Music,UCUP1t9Am4Gdf_VVOpGEMrzQ
Comedy,UCE5jd0TxC2My2rQwki9Z7Bg
Entertainment,UC7P2RYNpKWDIxYu3qD-Z81w
People & Blogs,UCfjJhW-SQg3GQcdzxGmvdEQ
Film and Animation,UCiIOLHKtoG8mwXXUuZNzSkA
Entertainment,UCcBcxQjGny3FBsBy434iDhg
Gaming,UCmXH6CX_juGwNFTj3PESdoA
Gaming,UC2Noe4HnCwY77Vu-HjrjkRA
Gaming,UCTlVz6WP_SsLRt663JqP6lw
Music,UCvRoxL3xFaXyU6w9o0lxGPQ
Education,UCThv5tYUVaG4ZPA3p6EXZbQ
Science & Technology,UCyAiWg2rIQe_7Y4IfuEqluw
Pets & Animals,UCOyF_86IYMZhSDqvOm-l03A
Howto & Style,UCUMVRo_qY2RKrEweB9rCv6g
Gaming,UC-8-F2CqlSXDNrDkDjmih2A
Music,UCmhzb5pJId5QY0r6gZqMDdA
Entertainment,UCQBckV3tVtuE46UJiWdyn1Q
People & Blogs,UCQ_JZ_PgMDeHVazY-5zxj4A
Entertainment,UCswFvDU6bxbQK6KNh6cyY_g
Sports,UCGjh5paW5tp31eFMVopZ5og
Music,UCsTOvGh6rj41bHRkq2ZpIiQ
Autos & Vehicles,UCoG61Ma0xr0ipb0FjcrdI-Q
Entertainment,UCx4bPbHEvG531Q4IaQzmucA
Gaming,UCzHWMl59l72-lZQDA0uW8yg
Gaming,UC8-cb1z23n8Bw24c7raOWhg
Autos & Vehicles,UC2qmmoQdJXLmre794U6zjXw
Entertainment,UCzovgO_F7DMfAE_1Bc9WQoQ
Gaming,UCmkp0UUdTOqvS5355ql3NRg
Entertainment,UC8iJIpjCcbIh0-OhD1wpK8g
Entertainment,UC_M_-gVFVfYTwnH-ES0Ez4w
Music,UC6O19HhN_pAxzLTGWCZtisg
Education,UCFDhmDHn2e35h8J1rm_gKHg
Education,UCLvnS_wLGe8FdcII1ozDK0A
Gaming,UCtgZvkOoUs6yDq0nAXdWOOg
People & Blogs,UC9fpcAHmoEmVzNyv8Ph30XQ
Gaming,UCK-L13WeVp9Sej071xvdyIw
Music,UCEaQBiiuwbn_UG64vCq04dA
People & Blogs,UCP7uMGe-akpOgN3mxDO2BUA
People & Blogs,UCk9WKo5kMZxoHikO-rdMIXA
Gaming,UCDiZzqVNvkLj7ogJODq2VeA
Howto & Style,UCfgvmQDw3cZqi3zTHFGgyxg
Education,UC9VWyvdF-91McG6kt27MeKA
Science & Technology,UChQl2YkLt3dj-KDyGUBzcHw
Howto & Style,UCpVTDQagSRt-vKPcl4A59Ag
Autos & Vehicles,UCPOhqbK_PFng6OZ13cnwNSg
People & Blogs,UCDdi0yUyGW1PKzYXaIACnuA
People & Blogs,UCfQubE1BrYQ9RywUMojE6QQ
Howto & Style,UCRlE7IvrQzqRJ90I3okfyDg
Science & Technology,UCIBaDdAbGlFDeS33shmlD0A
Entertainment,UCL5kBJmBUVFLYBDiSiK1VDw
Film and Animation,UCERPLW_coeR2UGPYnYGGGtw
Entertainment,UChXl9_EiO2VtNx250YUOgmg
Music,UCZzZJcadWlszIvI7CmntVbA
Entertainment,UCJ40ytnFrzko0B1Kqb5AvdQ
Education,UCTLogw-C6jXbpy_YinhvbsA
Entertainment,UCWDMYyqdFJabMNWqEy9AuMw
Science & Technology,UCvmwWA_jueu-qTuqeTLsQtA
Howto & Style,UCOPXg6uvPSOw6qu4UTmcz7A
Comedy,UCa3meRxRwQrXg__x--Goxrg
News & Politics,UC413buIG951MQ3mFOQ290yA
People & Blogs,UCloCsWyyKOEJ6UeEqiG4vqw
Music,UCzQNvCiZtLMvCqyZMX6D9Gg
Howto & Style,UCCmfa729dnJCi_bK7fSNbpw
Music,UC6EKNZeSDVNblZ8x9BUfeyA
Comedy,UCtMWVH7oElEzV06QrbWOxEg
Comedy,UC3ZnKcjVu7GszgdBe4uRZ3A
People & Blogs,UCO9Rhj_x_GgJl-Ria7257EA
Howto & Style,UCvxXnjcMUY46qEJ6I-1dThw
Music,UClG1kIGreMCa_KR9Zhgb7yA
Entertainment,UCk6Jvjrs7XbCtWwFBbWt6lw
Entertainment,UC9vnKqhNky1BcWqXbDs0NAQ
People & Blogs,UC4hSMRoJQit1eu8nhlM-7rQ
Music,UC-41daFrBBou8CAoaa7_6Ig
Music,UCuIzwjfti6l3pQfpvnb8FMg
People & Blogs,UCYSLahrFL9NwOjImstmnJqA
Autos & Vehicles,UCqhISgSTfSDTnHDmoTh8xOQ
Music,UCJUT2tWgSa2MXAqJnh_vDGA
Music,UC1o6BwvWKjIjnenziaLXtlw
Music,UCztlt79t8cvrtLpnoIXz2Pg
Education,UCpV29JeywTKRRLDfFE5f2hQ
Music,UCGyyhu2u82WeoHEAX9Ti2Nw
Music,UCAK_sTVIqtJrcf6yMwtuy2Q
People & Blogs,UCQEX7hAslddmo0YoSCp1u1A
Entertainment,UC49lY9F3iV3m2pe1xVaxfwg
Education,UCplMtixZJ6pRcrMogBSYvuQ
Howto & Style,UC-eIR9TJ-qGgRXGlrUmUWlg
Autos & Vehicles,UCTnK3UFznEB5bd4vDEFMM4A
Sports,UCKik8uG08NYJStvTW7ZgUAQ
Film and Animation,UCmAkM5B0k-WkFutZP9cXoIQ
Education,UCGuiLc4BvsEpq5CsbvlHpdg
Education,UCEjCyBoWP57QRkmFRz-aOGw
News & Politics,UCdnZdQxYXnbN4uWJg96oGxw
Howto & Style,UCr_-k8z6_RKKxkjWkt8RFvA
Education,UClXspGDRCdEidZsi9um1ffw
Howto & Style,UC0jGtfsD5sBYOeeC4ie7M0w
Education,UC0Hg2Ks00kCekyjZG_LxOmg
Entertainment,UC7pBB7W6uJ_40UpDgR1BDGQ
Gaming,UCqZXZB5TmNzcUzpJrsbmjjQ
Entertainment,UCB5mq0ucfGe9dNCIC0s41QQ
Music,UCcKrSBvYWCEf3GTF9c_xGbg
Entertainment,UC1EW42tsTQTuFIkKcAhufkw
Entertainment,UCjxuxleKCc7mNjc89WGuEVw
Education,UCpmFlsQnEV4dyw3XI5_69KA
Gaming,UCKEJZ-dqIA03evnzEy1_owg
Entertainment,UChvZgXAgMTnXP5dPpkNvY2g
News & Politics,UCHqC-yWZ1kri4YzwRSt6RGQ
Sports,UCtDdB-mu47GeMOroAQOb0Sg
Entertainment,UC7I1zO_pA8dyy1V-rMh-wcA
Education,UCVGVbOl6F5rGF4wSYS6Y5yQ
Sports,UCsEXpx8Ew8lQZYTMWu1Ep5g
Entertainment,UC6NV4OR5AudLmF-aSOfTuVw
Gaming,UCWzUu14PomXO5VutMv-AP_g
Music,UCLd_hRzn-yr9Nh73XNviNWg
Music,UCw49uOTAJjGUdoAeUcp7tOg
People & Blogs,UCdeVgjrK9a0X04F8tD7W6UQ
Entertainment,UC4gPKdabQVW2YyhCtO7JErw
Gaming,UCfCQLMC4L4oB0sUlYZhaYjQ
Howto & Style,UCYt_CoG7JwmodFmp1hDuxBg
Howto & Style,UCNJs-O1u-aXj8VAr6r5D8PQ
Gaming,UCLw6we2c2CVIqRI06O0VGtw
Film and Animation,UCHOW0WHcVUE-kSSzPXShB7w
Education,UCGGtl3nZmwzcfwHY4ck_G0Q
Howto & Style,UC_ldgDzMaFzAEHEnIjSlWoA
People & Blogs,UCrXvTLS-1ye7MmZhsi_cpOQ
Entertainment,UCM0KH1YTAODX3S1asm3wx1A
Entertainment,UCRZE7EQJ4bfHN-rj4F4kFvQ
Film and Animation,UCuByAzNisbTV1raixnxrpGA
Gaming,UCjIO686GMOkSypLmyumMxGg
Music,UC1KJYBi_282xrWsy4KhtuCg
People & Blogs,UCv695o3i-JmkUB7tPbtwXDA
Entertainment,UC7cyr5kbcN7jvG7No6lZ-wQ
Gaming,UC7NCg0venpKJg3kuJojKlbQ
Music,UCTvgMlBJWgcr5kVtxsl6RuA
Entertainment,UCLFeUtRSPnsNsmrPE6VoICg
Music,UCbJI4Kiaba4Nh_tVjR3Gm7w
Music,UCS9lJwUApBCwvyC36COgAbQ
Entertainment,UCSRCngF5zBGQktnUUJqVv2g
Education,UCBVCi5JbYmfG3q5MEuoWdOw
Gaming,UCBIoH4VhFOTkNB2dS3rTjdA
People & Blogs,UCJRSBsjLPipnu8y03qa2_Iw
Science & Technology,UCSDWiL-3tzO1yXLYOYU9lyQ
People & Blogs,UCpgnh4y4rPc9jc_xpKBDm6Q
Music,UCtYw-H_L5D09T9uWeNBUvqg
Entertainment,UC4YDfDikKrxILYSPpnicI2g
Gaming,UCRH0ReHZQs0d50jh9VRh0CA
Music,UCWOom9E_zqXS0VdWW949WUA
Entertainment,UCvcLcrebZS5_qfAU4coIPIg
Film and Animation,UCrbkLNFTHuOPJi_Dy6q9gcQ
Gaming,UCHjpnTDRGvo9qeUT9atMOpA
Entertainment,UC9uOjSGkbDaqbNNhNOPFAtA
Music,UCCGHKMdE8hNAwALnzUUml8A
Gaming,UCOmANDuJs2IHiEq8p9Ll5tw
People & Blogs,UCLLFCfdlsyqCjFRxyHyCaKg
Film and Animation,UCYFvEPbFbDIVRiODrh1-x4g
Autos & Vehicles,UC8GlTq1oHWVq0wEANn1IKuw
Music,UCAogbKfNxlAKxzBXFHB8i5g
Music,UCTyV0mRKxGHe8sPd8EbACwQ
Gaming,UCmKdqsvmV6e7Pwy7N2PMnnA
Music,UCS4H5zxSjH_WoH92q2_xtMg
Music,UCiNRW1rdNxtPHVSPFjrExyw
Howto & Style,UC7uTTvYKpjsDGRO_bcaMf7A
Film and Animation,UCF0RhAxBshDgH1mBJtIQjeQ
Education,UCbW3Pcp-8Gz9QMKALqlY5nQ
Music,UCq_ZCliPSd8PLANLqBv3nng
Entertainment,UCqqlm1KRD5eY56DK4sJM_zA
Music,UCBXVoq_9f99HnVmGhMdljKA
Music,UC2dRVHBvjMyqCpLTL5LNWKw
Science & Technology,UCmheCYT4HlbFi943lpH009Q
Science & Technology,UCruQUP9qeou8KGv4G4HWCMQ
Gaming,UCC9OhcBModcUbyVCbwq_B0Q
Nonprofits & Activism,UCoVJEtEK7y-L7nNc7DP5V_A
Autos & Vehicles,UCXOPfBqPphU15a6mpW7hwVw
Howto & Style,UCHues93cvjALL45hQR66ePw
Howto & Style,UCML__NEREGhxQ22Fijbgo4A
Music,UC4soEFyKnxp7Qjgf5BnAJ-w
Music,UCROg64GnMs1mGmMfhUIz1SQ
Music,UCYfMttB5X1awKZFDZIL8uVw
People & Blogs,UCurHnY2uGGxazkbc8PxFvFA
Gaming,UCWkdg1JlFH--qu0HVN_RBow
Comedy,UCqq3PZwp8Ob8_jN0esCunIw
Film and Animation,UCleSp67n-NOLQ_i0o6H3f6g
Sports,UCXfQiX5nc52uYaWqLHABjJA
Entertainment,UCVGiG3GcphUyMzNXg2iMN3A
Entertainment,UCyEIrL8hrUmdPos-Z5SynKQ
Entertainment,UC0L1suV8pVgO4pCAIBNGx5w
Education,UCJVqZ7l_ur_mr9S-BoXbb5A
Entertainment,UCuJTVLQhq-i3Tc_p0ns5Lgg
Music,UCYWWHOBGjAGH_Nrst60-Brw
Entertainment,UC_1lxHcoT6cvnXdA3vukqKw
Education,UCxdXnyMQvvl8xkasBsE09yg
Howto & Style,UCBJp95Ct1QBLUjZq6KJbwRQ
People & Blogs,UCaMQJdyFPH-c3dYRFmTjYZQ
Entertainment,UCHfGwbvQGK0ovbQSYsIdVug
People & Blogs,UC4nJYhPocNIafnWMGDckCmg
Science & Technology,UC1u-jCF73ZaqPaoJ_mnjWGQ
Entertainment,UC9NhgulThNB_20yUSVW4xVw
Howto & Style,UCNedh18e9MY3tHL8LAyvOBg
Howto & Style,UCKrrATalRpJ-H5ltP788DkA
People & Blogs,UCvuxp1MHJWW-_yGwsNKWSJQ
Comedy,UCPrFAYA0GkRWnTPqGunt3hg
Sports,UCAT49BOQga2dmckW5C3Zfmg
Entertainment,UCrm7RGOsstgF4qAG5mFGK-w
Gaming,UCDvaQtyyghqmQdmYZwvPbGw
Entertainment,UCqkQ6Zq_yR6T0_sZgR6gxmw
People & Blogs,UCtyJG-vjEwdU9fldDmkAxqQ
Entertainment,UClNUZkvJd2zmRNTXyMwTcxw
People & Blogs,UCf-ejCjB7Qblz3unCDs9_Tw
Entertainment,UCHP-KQAJgXu4Wo2Xq4-eNow
Music,UCnRvR7ZIPvPXbLdEQnzXMfg
People & Blogs,UCRd4-ytaSahvO7QrGFmW2_Q
Gaming,UCQuhhMzBPNkLwc2tM7GpRwA
Gaming,UCahcB0CpQjzUl2Voxd9hH0Q
Film and Animation,UCV1CezOQ2pHegtCaJegt9Dw
Music,UC5p51GSF4_GXu8PIb7pgCBg
Entertainment,UCqskcXtOEyapVGrSUWRm61w
Entertainment,UCC2rXOT1woXFfyeUq0flP2g
Autos & Vehicles,UCp_mv-b7LlThVhmoHQL54BA
Music,UC4H-BAZYRrSs-TjdPGZR9tw
Music,UCdt5kQpWD4Sa6J1KEX2jTDw
Music,UCZXxn6ZOspeS4-qaViZ_DWA
Gaming,UCO7SyepWR3VTyHwByla3o_w
Entertainment,UC5SY2zgB_2FauxNuDxaB8lw
Science & Technology,UCWhJUz6BvjkhaW4AfSrBevw
Entertainment,UCnh5PU1OKLVec5mG_kPckFg
Education,UCrnd6XKL5GPaUt5FE8oAXUg
Education,UCjRO1LHScDOXa-hR8u0ZO2A
Gaming,UC3nkaJk3fQQo2GclBuB5N7Q
People & Blogs,UCKsP3v2JeT2hWI_HzkxWiMA
Film and Animation,UC1H4TpuRT7msxfqG0jt3sNw
Howto & Style,UCorzCXNgPtKwl3vQsvsJd5g
Entertainment,UCTFFPzHv1VZiVww1siqJi9Q
Autos & Vehicles,UCMsEvAI0oOYy1XV5nGlf21g
Music,UCPEuRRgFkOOniC93G4QLJoA
Music,UCEGsUxJtGEJhDfKSwYDNaXw
Entertainment,UCUv5gm85_rdIQsallnldf4A
Howto & Style,UCXUyg1vYSupswhi0zNeD-5w
Gaming,UCAsrdlefrZyvnELIXLMZkNg
Education,UCCGBp_apz8IqPHjGwVdTsBQ
Education,UCJOgq8C_Vfh-zK0HASHjaUQ
Howto & Style,UCfLkhIbGHcY_GSb9HFW9oeQ
Gaming,UCkwXpFRp-cVXkJjCIgbGxpw
Howto & Style,UCYXd8ZkJGHy_beLGSk1OB2w
Travel & Events,UC0Ize0RLIbGdH5x4wI45G-A
Sports,UCe9JOWHoSPS_r-EdiyNkrkg
Sports,UCHw9WpMJeVPpUWk9eWVshJg
Entertainment,UCp538Jzy_VRFHAPBjyLTqJw
Gaming,UCNUzWfHUP_iXZ1GMHz8gBgw
Science & Technology,UCdGHTFBtv-GM81OhS5KSWWA
Education,UCtNdZrjjurSTFv-JgvQjssw
Gaming,UCLiLJB6cphHO5Ho54G5PXdQ
Education,UCTiL1q9YbrVam5nP2xzFTWQ
Music,UCU0ScT-uPbl38ywaymlfgSQ
People & Blogs,UC_j1_1XQtMir9Z7k2ill-Bw
People & Blogs,UCveCs-lwyA0Y43c7tDV3qvw
Sports,UC_1H9v258pXiyLDaW0R5exw
Comedy,UCbJnwLm_HX3FPlLWctTm1SA
Gaming,UCuyOffmUd-6vDQpP3RUragg
Entertainment,UCcxIX0-1eZ3bpQfmfghYguQ
Gaming,UCNLgp2Ewml3Gp5fT4uh3raw
Gaming,UCFQCR0btyyeJ5xOie1UXxEA
Education,UCHD0-6opjI0paLJj6P-f2sA
Autos & Vehicles,UCXtx43lso-J9taKABVa-Rtw
Film and Animation,UCp4oMaqaY0hIoT9jafj1g8g
Entertainment,UCFINFkw4mYRNpva-JFglrfA
Entertainment,UC2X0s6-0luc_Egd01fZX2Tw
Music,UCIJ5p0TQwRyBgdq6Wb7D_gA
Science & Technology,UCShHFwKyhcDo3g7hr4f1R8A
Autos & Vehicles,UC0Ihuy4gj2w-AYEQXRnUdUA
Gaming,UCY3Uw6Vdkk8KvY5fEq1iTpA
Film and Animation,UC4Vd7mUVNUJ3iUkPn-ky_OA
Science & Technology,UCtT2VnurQKOAA0I1EKKHSPA
Gaming,UCyo4ROy9-8ymQTBWcPA5Fjg
People & Blogs,UCytJnNhMWs4DcoIho74zyfg
Howto & Style,UCIICvcFTHdlmlZAY2tpYiMQ
Gaming,UCy7nbUh8X3TVYW7tWLXSFvA
Howto & Style,UCzOvbNNTLuGV2GQwPQ0Gezw
Music,UCBs5enC5qo_gaNY_EYqkjbA
Entertainment,UC7q3xG8W3WfKXpAmB94bP6w
Film and Animation,UCXzySgo3V9KysSfELFLMAeA
Film and Animation,UCV2Q52sQybDj3IJV_gz3WVQ
People & Blogs,UCx3IzLF2G5JYFqW7BP4mw6w
Howto & Style,UClUvc8qo1lFGorR1fWBecug
People & Blogs,UCarOqR87zwSNXHDmbtJVV0A
Howto & Style,UCf_X-tNA2zlMlZ25ljhF2MA
Autos & Vehicles,UCSuhXeiPBIwYO4mZzn5hKjA
Music,UCMKEGm2JbmjiFWZz_5iE4Dg
Gaming,UChhDjESUiNxwgnWj_iClnyQ
Music,UClqCSuQEhuuiprJVTw3-rJQ
Music,UC7UY7PogIW70R4HCNHQCGFw
Science & Technology,UCpoB38VD6tFbDYsFLnpZebg
People & Blogs,UCmgIBGpwwwcnxW5ETXEW2uw
Education,UCltVEZ6GecWntoZ19FvaWhQ
Howto & Style,UChyWv5fy8utAWVhRPVV85XQ
Music,UCqGbmzCfCTcGy2RdYRJFRPw
Gaming,UC-MxW86gZPslwwVK8fg3poA
Entertainment,UCoR0pzkKXEoFf7mJ3PxlJHA
Education,UC5bQ6WD_2NLGbfeJYIwAIuA
Howto & Style,UCww1qKLCTY75aOKBg1OtWnQ
Entertainment,UCFqyJFbsV-uEcosvNhg0PaQ
Music,UCTsbYJO2ss1i8FG-jcbgx8Q
Entertainment,UCnHsOl1BMHVwluVZ5vbCAmg
Music,UCeVb1p9-ZgbuNCDpITSfxVQ
Music,UCPMs-O9Zxv0JrpF0F57eAvA
News & Politics,UCZOP4KKUhOuhZKagI2b9viQ
Entertainment,UCQO0yq_EW1ZRGvtWI3BvJ0g
People & Blogs,UCFUiAiNoE60SsBiCw-m8VLg
Film and Animation,UCCavka0AbNklF4cqfaiwqEA
People & Blogs,UCUGn5Rx8YyFHT6NLzeJTglQ
Gaming,UC1GFq_qZP4SC6uczG2uMphw
Music,UCXwsBnDQtx1i2qbgcHoQWNA
Education,UCTJ-cAROIBITNem3peshCfg
Entertainment,UCEZ6Sko6HOElAAwW5KcMgCw
Entertainment,UCRSDNqcqJR8m81-bVttpCCw
Film and Animation,UCedsqpl7jaIb8BiaUFuC9KQ
Entertainment,UCp5_5-EEEVhqz09GUu6J2MQ
Music,UC4zccsgn1Nys_sIcOYd2fTw
People & Blogs,UCO22okkf9R0KfKxfqnHKjNA
Gaming,UCwboyKXJkCiHajQorzh-agQ
People & Blogs,UCPL81luS9t6s3Ro6U9pRdWg
People & Blogs,UC0ain8ERzRw0IePFWhGQ6Tg
Entertainment,UCMhIPexLDLiLZb4ywFTpuqg
Autos & Vehicles,UCfV0_wbjG8KJADuZT2ct4SA
Gaming,UCQlwsFBCbT317f1e5s9IJCg
Howto & Style,UChK_mRQVCUVezTjFQOm5RSA
Entertainment,UCjyZ22xCMnPjZ7J1rqCrSXA
Music,UCe3nLbaIzUXlLBw2Knj9DcA
Entertainment,UCu_2R1lG0r2Iwp8I5iZj5zA
Gaming,UCiNuyymRwQlSN6W8l1UFTww
Music,UCAxgvVWyrh2HvKlZNnhTFdA
Gaming,UC0kRw95ZXrERqDPwQPUvzKQ
People & Blogs,UCvDmwVGyemMbajS7BfppuJw
Entertainment,UCETRNN2LbVTQLyvwDlA_wtQ
Science & Technology,UC3LtEVr13vCHJti1nYv_bFw
People & Blogs,UC2LA2hjK9JswZ2TTOjgcFfw
Gaming,UCTbuMXJXSu4mOAx4TIyAsRw
Entertainment,UCRgCbwOa1f76Ec_eRBhhezA
Entertainment,UC0GZbWX6l_yLluk3xvacvgA
Gaming,UC1-owQLWVKOIRzr8iXfYVqw
Entertainment,UCAoBXsj4rHe6e1rnXi6sryw
Science & Technology,UCbziSI4DBzIUt1sGI-2DGEA
Education,UC8M0MjMWmOevZ1b5a6yVIgg
Film and Animation,UCNv53Cf8iAuNRMcUSli2nOg
Music,UCX-OWRcv5AZFGoSFxVoiTYA
Entertainment,UCB_vDDtcz7fl_zHawzZo7rw
Entertainment,UCnTTuWgTv2MKa1pCggbwTtQ
Education,UCbWcXB0PoqOsAvAdfzWMf0w
Entertainment,UC88oKpyXNid09t1m_PZlvfQ
Music,UCRU-pP3Qt2VZ-r5WMzp8Gdg
Gaming,UCZmz0RdI6LvX_rRmrlwx0Eg
Music,UCILHqIftEGgpJIz26tyucdw
Entertainment,UCrFslqncMIdjD2WfB6pAcEg
Entertainment,UCfFCajEnOpOs-uScSvYTEpg
Sports,UC1hBAagSnh7RhA8DWMhibRw
Howto & Style,UCYOvwzHL8OmCBEbBO6AdMXQ
Education,UC2kZs1f6gVXgxjwfVeoXD9g
Music,UCSOBzuyWsqw6IxRGvhOd56g
Pets & Animals,UC2BDs0pu-C1A4POY0g9rZxw
Comedy,UCxTKteFisQAtr3l97fL4d6g
Education,UCdPjfKIGOdNwJB8EFe-Ov5Q
People & Blogs,UCKppzjbsoZURHGHO8DLhn-w
Music,UCr8OUmDJZZ35wYfjw3ajgnA
Gaming,UC3E8z5P4FemGLQRXixxHL3g
Gaming,UCTeLqJq1mXUX5WWoNXLmOIA
Gaming,UC0fDG3byEcMtbOqPMymDNbw
People & Blogs,UCniCPy-kRxYshisooylV--g
Howto & Style,UCXic4pkppcXdnknsmlFP2CQ
Entertainment,UCanSUlhgDEwVpNdVEurMA1A
People & Blogs,UCR9wEA5Sd3eArZooy2GcUNw
People & Blogs,UCflXBhOOfbWnCVqYuIFEkSw
Music,UC--bRDxn5YWEiqs3p8zzvlw
Music,UCcVKo5GytLkgRz8giBosyqQ
Entertainment,UCCkk-Og_Jz74iXLyMR6ctQA
People & Blogs,UCy9_Ajg_QA1byd2PgInskVQ
Travel & Events,UCGsF1XNO_FLgjQtO6RM461A
Gaming,UCqXaa8xupCrUijNNnx6DQHg
Entertainment,UCFQ2Oe3k6tULLXO_iBhoqHA
Sports,UCRzJx2cKA-f2EPuZdIpPCPQ
Music,UCo3XxCemfZL-GiqMzwrZWkA
Autos & Vehicles,UCB8UnW8EnswqatlpPqf_cww
Entertainment,UCq67A47sBJLY-KtRjjExdfw
Education,UCBHwRLyX4GSHQ8XOFfJq84A
News & Politics,UCQqPfE8CIUhdp5bEdC_zKXQ
Music,UCynMBT81ZpidFGRGK78Dbpw
Entertainment,UCOZ06VFAk9UyNXtyoX_PyCQ
Entertainment,UCRdyjE3lE7dtCOxU4rTsXVA
Entertainment,UCU3fglxsmECS7G6XtOytNAQ
Music,UC5RrGzC-JXglhFW5NhT4r6w
Entertainment,UCjJ0i8xC_UF9ugPymadKsrA
Music,UCx3--yoxFz4RF13KMGH7__g
Gaming,UClzImV41PQ6qt5Ry_uN7qvw
Howto & Style,UCwxklfO1LBHPdkcUkzY9duQ
Pets & Animals,UCrO0ExzuyvM_AT3ESMjiDCw
People & Blogs,UCT2Gq5zZ1Uqp6TfIoy3f3qQ
Howto & Style,UCoTkdNVpO4AiVfejAwQ_D9A
Music,UCa_RUwqQU0oAxEI2lh4RvEQ
Gaming,UCJVdNvvuvOnthuWVQjYff2w
Howto & Style,UCpRQQfZB0QCJi3pxrqjSc4w
Music,UC45wt2EXc6mvmNTGwz0lNnw
Sports,UCI-Oq7oFGakzSzHFlTtsUsQ
Gaming,UCLdPUOIBv-O0mTWtUBaQNtg
Comedy,UCyabCqc2M3J9HItEroLOTvA
People & Blogs,UCKQvGU-qtjEthINeViNbn6A
Film and Animation,UCn9BuiRZGR_tPM2GGT4jN-w
Music,UCOE0Gd9G2oP0AgUzi3HKzeQ
Autos & Vehicles,UCrEUTzd1W__Y5Sb5vSbuZ5g
Entertainment,UCtoMyXF4VFY3cB8fUcn7N4A
Entertainment,UCDGuaewBqmqF5buNPnoT1Bg
People & Blogs,UCjQG1tv6johDz6qEuaHk6QQ
Gaming,UChppONofKuTEXhdY4u-LOxg
Entertainment,UC0l55zIOcHXUwhF-FOvU7fg
Howto & Style,UC_d3dOruc-Y0CNzoNRLPDzw
Gaming,UCZy9pZM0dvQHVXyk5Bib1Wg
Music,UCTtGFQlwE9d2hnzK4piCFOw
Entertainment,UC-bpPkLnt5KQOTOXIM0iD1Q
Music,UCu2vVoPgxHKcj8geV0pwR-w
Entertainment,UCnQ42eIk7V4yKj6C8dUP9cw
Pets & Animals,UC6M0dMrrTtfJ-0eqgEuZtrw
Music,UCbDWNcMs8fuHj5YoJwkOkZQ
Entertainment,UCrvdtDwElJhV4b-WnjXOPXw
Entertainment,UCqxiL96LZEgDUCc4PVH-8fQ
Music,UCU_MfrF9fw0CUMOrGy7D1mQ
People & Blogs,UCDkl5M0WVaddTWE4rr2cSeA
Gaming,UCg83RGdRpwfvoFEuE2zWKZA
News & Politics,UCsGg9JQ4X7u2A6gCEmtVRmw
Film and Animation,UCxX0WTIWuv5G5IokGxNwwZA
Music,UCQvDS0AW6PNlHZ32jSFOcPg
Howto & Style,UCCEGqkXpKqMH4TlJuHDkMqA
Music,UCV2ayIkWn-an2kj20CAOdCw
Music,UCuYboszCXX04WeksgCPCV8w
Gaming,UCCg51PJUNkRZMuxD-HIkzOA
Howto & Style,UCF2KlrD2XPmgjnJqn_85wBw
Music,UCjHBUll7UpF6JaR7Wmv4Rsg
Music,UCFOMdOjo6_-G8v5BjMHhE8w
Howto & Style,UCuFqKWom-ulP4n29MxFv4Gg
Gaming,UCQMEms3zgX-dmS2mttSJEYw
Science & Technology,UC4s13gPVOMQVX3P1ZpdUwjA
Howto & Style,UC9dV1fC7tqdZbAae1YFwtOA
Music,UChFONkdHg3zrt3zaHmx1bKA
Music,UCZjBqZjGsmI5OAVsLSroaWQ
Education,UCA2W3T-G5egtVxBBdumQxHQ
Howto & Style,UCk9YR_et7FGkF1pwE8mVoSQ
Education,UCBYoZvfBEMnRiWMxpvMY6ww
Education,UCNTl__yGTRH7usCFazeXheQ
Entertainment,UC-FbE4thIVKkcQe1aWrUTvw
Entertainment,UCDywQlNlSI1ghGzfm2KULyw
Howto & Style,UCOQwZg796UN7oKv_lrpyCUA
Howto & Style,UCV6XQhrMcLjDCr0q7wn6Fnw
People & Blogs,UC4gVN6qAvi7ejpFvNnRbSJA
Comedy,UCJOzFn6EU1wxQlEhbor14RA
Entertainment,UCXVxMuWK6l_pCyxEk07EIRw
Entertainment,UCAjOCXKvk-GhSmtCknjrD8w
Music,UCZXwI81xNBKntzs7_RGp5Jg
Autos & Vehicles,UCKSVUHI9rbbkXhvAXK-2uxA
Comedy,UCdCj47cPTxr7GxeaBNkRmCA
Music,UCipWvtVIayk3ycJaIT9HiVQ
Entertainment,UC3ZehjhT_bajYOWcS1db8GQ
People & Blogs,UCVEzR8VHu0JC5xlTr53cMwQ
Film and Animation,UCC7387fZBuOkRvzucLmAKsg
People & Blogs,UCpUrd3nqZlny7Sguk6IFXIw
People & Blogs,UCihwN-Wz5vHauVo4loUfjIA
News & Politics,UCIvluz1npKgjwLThFQCJl4w
Entertainment,UCVEDzEYSNi5FwEKmLY6LT0Q
Music,UC1_liDR4fRFJgH4HoJeV8cw
People & Blogs,UCzgPQk4cdcUuXi428Mi7IBQ
Gaming,UCleWPxJ-NtsHbC3qpkmIEcQ
Howto & Style,UCjL9fu714QdyrkleaHX5-sw
Entertainment,UCFbjbCb9iiO8rKdgx8CVq5Q
Gaming,UCOUh2z8YkidOzPLBXPMv33A
People & Blogs,UCAF0RSs6-MqQuXrC9eXs69A
Gaming,UCAl3PNFTwuY11TEfe0X4ctA
Gaming,UCCiKcMwWJUSIS_WVpycqOPg
Music,UCWbLDOi63cfug9vm_NHVyBw
Education,UCzr30osBdTmuFUS8IfXtXmg
Travel & Events,UCgQRLYCo3ddB7hE6neK053A
Music,UCsUwI0D3RoajvHSOL3AuJ7g
Entertainment,UCnlS-8IyndqP4kvXLJxCA8Q
Howto & Style,UCOhAP9Ch6-CF2lA-LVw4VnQ
Music,UCRS-fiqhH-VQ4VMTvg2F6wA
Entertainment,UC9qgVkKRZUXcgHdf35Z-8dw
Entertainment,UCjewtQLpJEENPLbrCtb6YpA
Music,UCoSGyagdYMfWvj0vIw0Aa3g
Gaming,UCmfP0uZhGtExqyTbyaC8x8w
Sports,UCnyOvzIf2RJFmAVZWI-wS0A
People & Blogs,UCumMqRCHqyXaV90vXH-KYjg
People & Blogs,UCd1sedYHrN-xklnomUu1btA
Entertainment,UCy9qISYZNCLLjURBlyXjExA
Gaming,UCuoIRHs-H1gbexuM5V3g7HA
Comedy,UCRAZHT7QnK810BE9vMba_Gg
Gaming,UCKeqi_bpVJTur2hysQYrOdg
Music,UC_NnWjvdYiXzdtO8B4jwfkA
Sports,UCCtRyJj-neU-lE0pIlqhNVg
Music,UCG9MkujJy01roFPgaYsMZoA
People & Blogs,UCg4EHKbEqj12xICq_cyFVZQ
People & Blogs,UCOT2iLov0V7Re7ku_3UBtcQ
Music,UCYbv0jZqHIMW4XjE9vDRLTw
Entertainment,UCpED6pXvZVQyWZ3H1je-3gg
Travel & Events,UC4ijq8Cg-8zQKx8OH12dUSw
Howto & Style,UCy-qsXySst1Q7OG-HwvE-Dw
Entertainment,UC93DEJOBeet3XXZlJy2uJuA
Film and Animation,UCQ9HvHH-KRYHI5ynj2kbLwQ
Gaming,UCROo4Ub0wQmU8yZLfH7thbw
Howto & Style,UCnZ92S-BIzbNcgdSryNtw6Q
Entertainment,UCyDGTHf5dknjS06iSktHURg
Music,UC9NjPkXh6j9oanNvUOU4Stg
Howto & Style,UCSkDwhqeaVoyuNpNzGhhRXg
Howto & Style,UC29LPjVrRNOY1Ma2r6O3rdw
People & Blogs,UCAQxjxiPOb2jd062DbuSkSQ
Film and Animation,UC1cBYqj3VXJDeUee3kMDvPg
Music,UCqXzaPAOef97erJRijURPrQ
Sports,UCd_EkHbEutirFl_XSrg95kA
Entertainment,UCfdCftyW4vHXtNmrRajds5g
News & Politics,UCWOkEnBl5TO4SCLfSlosjgg
People & Blogs,UC39p6707suIKTZiw0BTGapw
Education,UCIqMBrPv0zRqJaUTHHyvZ6g
Music,UCUq9IP5W5Uza7iOug7HwM5g
Howto & Style,UCRxHAGIRcF6qswaibWwyKjQ
Gaming,UCtq9Cy_z9dyijNgGP9kPHxQ
Entertainment,UCqt5C7FUWwhVuVhJ_N2YLjg
Gaming,UCbyhRdvhJI7XOltrUk1EG7g
People & Blogs,UCl1-1WzylK0ozs-olQ80RNA
Music,UCCn_0vWsa35jSTRNlX15hzQ
Education,UCIWNozFjO8yVdJFsGKVmPgg
People & Blogs,UCkYKVXPYN2dFUJgxAPeAkGg
Music,UCPZk_X_kTRMLmi4stjaPzaQ
Science & Technology,UCY0MY8TliwLpRX2dj9ZYb6A
Howto & Style,UCrZwtACZP_0K3VMjdaqFcRA
Comedy,UCRi865HzooH2xf6zLn9BJQw
Sports,UCNa8NxMgSm7m4Ii9d4QGk1Q
Music,UCb8TquIQi24TOTlHMwzoRaA
Gaming,UC1JPEwMqLaI96qRUKNp3_ow
Entertainment,UC9MwPmI31x7ZL6ZTLrrbBNQ
Gaming,UCZmW0iSz5iTpXJTd4IRJmFQ
Entertainment,UCftwalSqtTz3GY-B4GvxudQ
Film and Animation,UC1XCtbAz-xspe8CR5_DtUpg
Comedy,UC32rGcLoOrmjZD3RSwzHuRw
Howto & Style,UCxMREf3W0WPp_4BCu-xAjKA
Entertainment,UCgtQ-oP9ulDNf2Ja0-fNB7w
Music,UCLCdyRg3u5O-EVP5p46QxcQ
Howto & Style,UC73VygG5fx7mK2-igGoh8dw
Entertainment,UCRw7nTs2Z1_XR9xvPwpmkYQ
Entertainment,UCOJVUdqKxAyRLb1SSznPhOw
Film and Animation,UCg2x74VOAfuthGMP--Z4VAQ
Gaming,UCKmS7tteTNPWs4M56vK3lHw
Education,UCsK9_GeavB09kDazx0SS__g
Sports,UCr0fgF1k5CRgnH5H5S6A-5w
Howto & Style,UChXBChGRG95GZGPmLVV39PQ
Comedy,UCtg0me6GoRdRSUlUQX1DFOQ
Education,UC-g0gSStENkYPXFRsKrlvyA
People & Blogs,UCfMrnx4UpYI5PaWhQYtb5jQ
People & Blogs,UCoH19b354v_8kk3MYTbJ7Hw
Science & Technology,UCQ4-X0GcZhNIUBkCyi7Zisg
Entertainment,UCM3vd9iuURFN2flDMi15Dag
Music,UCCy3lijIc5OdCtNlDuKvzEg
Gaming,UCBobmJyzsJ6Ll7UbfhI4iwQ
Howto & Style,UC6gp7J28ytBm_u9rxXICDAA
Entertainment,UCNaD0ogSctB5M9lUR8mgbfQ
Entertainment,UCYRAQxXSunzoKlX6ZRD3BOA
News & Politics,UCBeyuzUWyvDAVpS_ibwMwnA
News & Politics,UCvm8V4Dwtz0fbPGbpk7RYAg
Gaming,UCS4RIb_nESaWNLAIbZsrE_Q
People & Blogs,UC4JPv12U-YtI-oS5hJV1Q3w
Sports,UCQYRGzYaVa7aWd8TsbjdJ6Q
Comedy,UC4lJTrjdcIbXqbRK1ZTYgxA
Entertainment,UCaMQSXpPDBKxwNXPzmkl2wA
Autos & Vehicles,UCV1nIfOSlGhELGvQkr8SUGQ
Entertainment,UCwVSuq8gdxNe5ZvJNmKA9kQ
Music,UClizUNShd6ArOvwn48li2rA
Music,UCt0cT7dFKEgeMLM-WMGKagg
People & Blogs,UCsHaCORAuXxrMDzC0hr8GPw
Gaming,UCy4_0a5OJcnkXLdd-zVh0Yg
Music,UCT64FdgoiuM8mi7LNDmeeaA
People & Blogs,UCj7ADiT-RzESYpAd90OeEKA
Entertainment,UC9_zSshq_Iuv3I32q_QfepA
Howto & Style,UCu4ewFicB768V5B7TlxQWDA
People & Blogs,UCtGiDF1B0iJH1nc5VVa42KQ
Gaming,UCeBqw3rzYjF96LMBBkXxW_w
Howto & Style,UCWwMIU4KWNLmpGP9FpGD9aA
Entertainment,UCjbBFvK04b-O3foSNabdrOA
People & Blogs,UCdyTmTQTyGA2I7mMBODzqig
News & Politics,UCDsqO64pLl5NF6hKMBGXgQA
Sports,UCFdWDF3q3R2AphJ1InJWMlg
Pets & Animals,UCYK1TyKyMxyDQU8c6zF8ltg
Entertainment,UC2rScBVAJSkL4qXn-27t80A
Nonprofits & Activism,UCitsIVwIlIWrbOtmloSTVnQ
Howto & Style,UClIV1aC_kiOOwZsK44XWNvg
Howto & Style,UC1ctTQBRx2MK4AxwRBpSOqg
Entertainment,UC6ErBigqMRej3MLMtLNEiMw
People & Blogs,UCqpdayJIwI_yts1uITarNOw
Entertainment,UCEF9Oq-umCpiWK2OwCshpZg
Gaming,UCbKDrIZ_iKFjINajo8WpCOA
Entertainment,UCuTNKMG8HCxb2kYbLXjXTTg
Gaming,UCRXjYFs47Vk0507O0xJayxA
Music,UCXxq51UqKuInU10uu6ov4aw
Film and Animation,UC6S2s7fteUaAgKw4E_h1SqQ
Gaming,UCTs5PJGf9AwnA7mNV3ejNTQ
Howto & Style,UCV_L6q1ve2N1RbaLVdd21AQ
Education,UCCtG3JJ62yRsAvRS5cT0aMQ
Gaming,UCI3GAvwaZwf1abbeREza8eA
Howto & Style,UChnNDSXB8FcGot8O6vLFfUg
News & Politics,UCBIv6BzHF532Bmkcqwog16A
Music,UC8lwpi7dTCDm7NQsoB8v_Tw
Entertainment,UCquO852ySNwIrQt83GKuEvQ
Comedy,UCU23CAa9oKtxRVvBMkgIanQ
People & Blogs,UCv__5XBCC3lXbs9BRP3SGwQ
Entertainment,UCNLsn5mS8_uJbhZE6GvbYpw
Entertainment,UCrOt_BtFZZ_mAmoY7MY2joA
Entertainment,UCI_HhViIiZc8rK9EW6xFuGg
Howto & Style,UCnhsBOkaZkR-epruRZbIoFA
Entertainment,UCMW0kSYo44uRxvE21JqEWTQ
Entertainment,UCiKF81q3ONIg2l0qCRIyoKw
People & Blogs,UCb4jjgJb5rtQqQN5GcypFow
Music,UCrkkpNg0J0ziftHs6-5APhA
Education,UCZiB-VySRrhJUzGxU_yFAQw
Sports,UCucRx4HISC7R9PHwCsIWSeQ
Entertainment,UC9BEaz3Zs2B-SOBZKVt3Gcw
Entertainment,UCbAlVnKhbGLK78GsSemQXxw
Howto & Style,UCczxv-gVdOhAc5gtggrAR4g
Education,UCVIYzfypFtbsewJZCT4WXCA
People & Blogs,UCoWHUkZf4bATsTlnqcNVPfw
Film and Animation,UC2DBGluwnRFEpjfc67KJBmg
Howto & Style,UCXZJnuDCWeDsTaG_X5cXfeA
Entertainment,UC-x4iL-dib6tLIfSD4orfQw
Gaming,UCS0YAnN1bxaJ3RyPGxx7MhA
Sports,UC-zLs41xSm1SNU_OMPruGTA
Music,UCFRe1i5lu0H26RgEBWR1gpA
Music,UCFE81LrtSi1lxL0h_6GwyaQ
Howto & Style,UC5IvLSMmpePwKEknQP_hZJQ
Entertainment,UC1P7uWBazrqughX3FV-KLbA
Music,UCyLATKbctfN_N6uq0IHvfZg
Howto & Style,UCL4_AGmovgn7txkGcuJLvPg
Science & Technology,UCWsEZ9v1KC8b5VYjYbEewJA
Music,UC2vpWjdTbnTQfkVRpKTlK6Q
Entertainment,UC1csIshZE3RCj7z_LZyhd-w
Entertainment,UCPOq4e1UIq-ARfEbQrr8PzQ
Howto & Style,UCr1QUp3n5spxDmhjn0X-iyQ
Education,UCwbUZ6a26NzzxkKkiinvyCw
Entertainment,UCLhO_QqMBdKOrV_nf8UwzlA
Music,UCiSvEEKUKTDCWz-ubCPPfnQ
Entertainment,UCQXj1LsA6K8A9uW2iQVhIgQ
Entertainment,UCpFFItkfZz1qz5PpHpqzYBw
Education,UC3VWbWk8qDBiF0741izgpQg
People & Blogs,UCs2I_WT-trD-3EzFXO3mFRg
Entertainment,UCIyARGHwaphJNATI94FoSIw
Entertainment,UC3xqEEkd-dIUZkQjOEQLsOQ
People & Blogs,UCPF4bAZimS4T8w1TlbeIAYg
Entertainment,UCwiudQ8Crg0_faz3PKvrgrg
Gaming,UC30cxQwm3vAgsnURTw_rQgQ
Gaming,UCKw3UQ7AMPXkJ5nYxfg_Gyg
Howto & Style,UC12DqRF5-l7jbmnZEqjM_6w
Music,UCjlHzgOtxRzEl8ye3qEgitw
Travel & Events,UCqA2ZPcBYbWqmKU3iFX2KwA
Film and Animation,UC8nEptWq2ggvl74nEoZ_YjA
Science & Technology,UCCss3QxegBkF8BAetIo0qXA
Gaming,UC7WNZQb14M9X6whT6WMsWoQ
Howto & Style,UC2GoszO2fCE6_9W1EYi2Dfg
People & Blogs,UCFUsdrPRWY7_7M3SBnoDHpA
Comedy,UCoaQFl1anNyRjouhYn2teAQ
Film and Animation,UCawo1_Nm82Vi2rId8245c3g
Comedy,UCpSy6fz3rORXNrsodFo3mFQ
Gaming,UC2t_fCTk_fprQq81NgIGJ_g
Howto & Style,UCibq4NNig__x_dhvutCcsbw
Entertainment,UCTn45orVsFOsNZHxAJcZK5g
Howto & Style,UC0JkmlYoBhkwNP59t2Q1Frg
Entertainment,UC0jdY48LDMkgeSni2rgoJ9g
Entertainment,UCutkDxwbU7-RBVToVYDDXzg
Entertainment,UCUuA7-BErFZwo9xebkpWi5A
Music,UCBHhdnYxvu94yefpeZABY9g
Music,UC8-0kg3ylGmDF2W31DlCcfg
Entertainment,UCx0f-XrANVEMeaCRxlzAkLg
Music,UCMxQuIZh7sy5lSXA0IlsYyQ
Music,UCXRloA7YFgCfd6sU2_Y12cA
Sports,UC3nsS1zgb4Jye9kmA45K6Yg
People & Blogs,UCbhIVqiD-KnowMYFsGZ1xqQ
Howto & Style,UCByHsZhLBktoSGGIkCSLwDA
Entertainment,UCnr5RCYAFfsk3t2eAZyWhVw
Entertainment,UC03wfX2gUIqK3HMmCBEsrWw
Education,UCFJyaHVyWKb2y-HkIAEPIdA
Entertainment,UCo5HJNjfdSoPWsdAHLsvSxQ
Entertainment,UCMTkf464NixZhWWEVdWP0Rg
People & Blogs,UCRJ4Qv94dh3p4TvocJ0Hptw
Gaming,UCD-kJl5nhEKLp9WU76TwgKQ
Comedy,UCsxN0GZ8MHeVbMkXlhrbXGw
Entertainment,UCOQmJtNxOWUMQ5f8U8NOAyA
Science & Technology,UChjRM_qQAaOAiLNbOGbYcRA
Howto & Style,UCFsXccQmek5E6JfDFoqtuyg
Gaming,UCNMyoMaXJZITZaRKCz7G23Q
Pets & Animals,UCpejL4mTlUJ_hfQY1PiCW6Q
Entertainment,UC8wXC0ZCfGt3HaVLy_fdTQw
Music,UCPtWGnX3cr6fLLB1AAohynw
Gaming,UCUONs6Dma0w6iDbKUk5cvBg
Education,UCbjozK_PYCTLEluFlrJ8UZg
Howto & Style,UCR7TmF4nvC1-7beky_gVEig
Science & Technology,UCiEEuMWA4IESdMJFVclVgcQ
Howto & Style,UC-8yLb1K-DEC6dCYlLOJfiQ
Science & Technology,UCbI4ZrynWUzTKqQ66ewCNmA
Music,UCloH7JPn0CtzIJnThe125_g
Howto & Style,UCKIebaFbubF2L_ol3ujxoSA
Howto & Style,UCYidQwKhM3WTDKpT8pwfJzw
Entertainment,UCR5xivFsVLjqvLLGzzPQ_dg
People & Blogs,UCE-LXXVl3u9yJO3WRGTrEoA
News & Politics,UCKjU3KzdbJE1EFcHVqXC3_g
Film and Animation,UCm6xtTe5SrgjOy3VmRz4PCw
Music,UCJR6A06hCDNcnJdZXwc2BEg
People & Blogs,UC3evtGd5VPZgT-M7LslR_Lg
Science & Technology,UC1FYFqgdW_1LueJTmXn-8cg
Gaming,UCDni-kpGwwprvaCvymMgyLQ
Entertainment,UCTe5ymIqpLw1ZqpM-u8WaLg
Howto & Style,UC-xRql1uRGQuEDSyndsolQQ
Comedy,UCwW1OYZOOw0xxEDcU0DRg4A
Autos & Vehicles,UCfrs2WW2Qb0bvlD2RmKKsyw
Comedy,UCBNJOc7vmvT2LZ2NrBxMGgQ
Education,UCgXyhUU_QsAGDEqWtYvifnA
Autos & Vehicles,UCqbqVFErhI8HbqSerYFIn7Q
Music,UCiReSwhx7y_LpNFNg4GCuCQ
Music,UCkkiTV-Lnt-m3DQp-ZeFdkA
Entertainment,UCBGnXuHcLfw28TEMwL8uN-w
People & Blogs,UCG72WbiCvdB6JKU-3YRP8Kg
Sports,UCHYgT_UU84PGbseetD_68uw
People & Blogs,UCBNnILlexKYtJu-EGUvq_iA
Howto & Style,UCKfuAADz9rh4Y6CHZmRoefw
Gaming,UC0M786CmKncfHo8WuBXhTiw
Music,UC976cmBIr3xFimgrzPjc8pg
Howto & Style,UC-qn120_7veHHSDFJOixO6g
Comedy,UCcrH8ihKIXVGsNJVUrCuuKQ
Education,UCVQ9S8LoggEepxMYDiRpeeg
Entertainment,UCyyOM9JA5eGSe5VwGaKyjng
Howto & Style,UCw87omrAsXMbikL-n-qEtZQ
Entertainment,UC33H_DTHIvkbzsXjGVMKRfQ
Music,UCDpjhyd7x_JkQxpe0fNodZA
People & Blogs,UCZk_qEpFwW3VY3DxEmBEd6A
People & Blogs,UCF4k-erkeIsPqi2ugSbqzpA
People & Blogs,UCdBd-7X57tP5pYTx-uEQhFQ
Howto & Style,UC4sLCPEPrNmCNAQ63t1Py1Q
Gaming,UC5_YHkJ1i5E7E5J5wuU7oyw
Entertainment,UC2fHWdNVLjBLLYCBuz3Qfgg
Education,UCUJl8Do5ipeL5NCWSdnkOFw
Music,UCO35O4pj0yQ4sn8-X2Ab5DA
Howto & Style,UCPRLM8SKIUVYgSCqoNt7LxQ
Howto & Style,UCL8kQ534ifQpa9OfXErfslA
Entertainment,UCeVF1GpfFR8JwuhQHzTa5dQ
Gaming,UCYuQs3LcWhMf5W2Ik9qu9tA
Education,UCDBRBMySrAVNvKSU3eWC-jw
Gaming,UCAua9maY1vtNdBlYqnHRhwA
Music,UCIVux4dBPIVNp_TJkEgVo6A
Entertainment,UCHC74bwezcYblK4zronPHWg
Education,UCZwegPHTG4gvnR0WLzaq5OQ
Music,UCNMh3pqzC3R4ZLAIdh6Qqaw
People & Blogs,UCh3olxcbM37F2Wgy28KWpAg
Education,UCcHLJgRkV15QdjVaMPw16kQ
Science & Technology,UC59K-uG2A5ogwIrHw4bmlEg
Gaming,UCubrACLKmCAirbs-plbmqiQ
Gaming,UC_225_6i0kRQ8KsI-dIaA8g
Howto & Style,UCRyllq4-TzYhYy0lFk2px2A
Music,UCIM9D49D2SxjHMYNSXBSW2w
News & Politics,UCmBLIcqOLWwrrAJ-jaCttqw
People & Blogs,UC-2WWk_2TkYzYM2dW8UCcXQ
Gaming,UC6q8E21hwHoWajSSZF127tg
Gaming,UC_guCQk0_fmS2BNk6fHzRjw
Education,UCZi_0SXONQu-7gQzJ0eI0_w
Pets & Animals,UCENfuw6MXs01GEVMG62SH4g
Music,UCHvWesuSJyRygcPrYgtoQGg
People & Blogs,UCMzCiBcn2kKrUyUZ980whsA
Howto & Style,UC8_B6VKHjGylfCURXtXlwJg
Howto & Style,UCP5bYRGZUJMG93AVoMekz9g
Gaming,UCmlOsalAR4fJX8awXf7nMyg
Entertainment,UCUHhoftNnYfmFp1jvSavB-Q
Howto & Style,UCu1mddIGKJPd8K-gJn5iFBw
Music,UCQdRafr287T-coioMahCWhw
Sports,UC5d5X56T1s1zwgI-VbX3Tkw
People & Blogs,UCwpHKudUkP5tNgmMdexB3ow
Comedy,UCs82BK7QaOoMVXNQWwQ1ztg
Entertainment,UCVO8HTTCupXu200gNsLsKCA
People & Blogs,UCXudsOimkNbqnjO-xDsynig
People & Blogs,UCo1EeBExY-7dtu3BlikS3Fw
Entertainment,UCl1uVuvB6Bam18_BBLGHPBA
Sports,UCiKXIRVSWLoPGzEldGIyBwQ
Entertainment,UC3DBtSsU6eyjkx9-tYp9pTQ
Entertainment,UCjZhIkUNyFQxShXPQgQ5uLg
Gaming,UCPcABVoFfCK5gDfX0PY1KGg
Film and Animation,UCQVuCk5Gtg5Tsi5P6-KHDbQ
Howto & Style,UCC3CnctRfikgUEonCXYhxiw
People & Blogs,UCUrz9jWo3bKT3K37nLpPUZA
Music,UCQDsiRE--IQe5ycCLeetIxQ
Sports,UCjDhDUy4rFXE9cPYq9jLlyw
Autos & Vehicles,UC5DWMy_XjL3v3VfLIZFZvpw
Entertainment,UCi_FrWpf8us-MqphCStCXKQ
News & Politics,UC5O114-PQNYkurlTg6hekZw
Travel & Events,UCF0RyOO4yWy_w9ej-usTmPw
Education,UC3gWv-0A3qEeFBJESlsJa0g
Music,UCpYKj3H0bldVS6HWRp2UERw
People & Blogs,UCFcvOUnOcfJKg8QsOZT6gKQ
Education,UCr1E-5XJiMhqQOUWwceb2ew
Gaming,UCrnRZPLfsqvURsSDPBLY7qw
Entertainment,UCFgjPkfDFtyheoTndkbRWVQ
People & Blogs,UC7LqfmRTtzz3potF56FFwEg
News & Politics,UC09hwXZEtHcScFWebDsj7cA
Gaming,UC0gElXJLp_puscXA7vW11sg
Entertainment,UCjdWQoLZrKq6nAqjmN_9OZA
Gaming,UCd-qVRcjoK9zjtDs_LRxSmw
People & Blogs,UCCNVXZwBkQWAUBBXTEkZ4vg
People & Blogs,UCUzHnTdnf022PTbzXtRn3LQ
Howto & Style,UCZrI7gRiGFHiSFKKGFo5VSg
Entertainment,UCJYqB9IxpJsQl9mFmJd28JQ
Science & Technology,UCkoWRP4ZR668eIeFOJo0t8w
Music,UCGRxRO0Vj9d_y7_ZXLn6XnQ
People & Blogs,UCNUohh38MTkgY4xKpFeVGmQ
People & Blogs,UCo4xT3EBq1JqzkSm8ks3DDA
Education,UCVXM96yuiXY3ZT73Dy8HgCA
News & Politics,UCv98nH5lII-twQqyvFVRe8Q
Comedy,UCsXIEH8n50We8WnmsDPuqaQ
Entertainment,UCe14ZFip74aqXQ3zXp_Knfg
Music,UC4cCjKsLJiYTZFnhROl7Ihg
Gaming,UCRfTQcW6wD9PsifN2ug2jHQ
Howto & Style,UC8RsKxpajbXeNcifJbDoUkg
Education,UCJiBQWx-3yKHEeXZIGMpF3g
Gaming,UCTFi1wHONgD2pj-9PsBBIJQ
Science & Technology,UCJRfBj_ZtllX7q_FAPWqtVg
Entertainment,UChFZ57cxsCXgst5rcJL-z4Q
Entertainment,UCVAbY9f84kLy_ZJJGOxfn7Q
People & Blogs,UCaGc7oqInKni2XyQbcDfNDw
Gaming,UCp8AdmyTprnbQ_NvjO03o3Q
Gaming,UChq8bsY9skwyRSzO-DcLjCQ
Music,UCGCm6gl_eYIARgN6_LDKd7g
Education,UCCpY8HNuV6BwrZxAtHiWrrg
Comedy,UCzfScS0MkYf1EHTPFCYt79Q
News & Politics,UCtqvtAVmad5zywaziN6CbfA
Music,UCu-TTFBIA1Pp9zDo3xiKoUw
Education,UCr2eKhGzPhN5RPVk5dd5o3g
People & Blogs,UCiv5TFGoQbFk5MrARfokfew
People & Blogs,UCIR5QZdcEZgpeCCXIiCxRYg
People & Blogs,UCDIvweH90jRHKCf56W9GxQQ
Entertainment,UCDsNHzQi6U4cqXr1XDT71bA
Entertainment,UCiFuVhwklEtBFbV9xJ2HPZg
Music,UCf9xG3FHmd33YHeBYFQMIIg
News & Politics,UCB8Z6Sv5iV7bZ3zLBEXACZw
Entertainment,UCX2AnoNrgPpDIfZY43ilDGg
Entertainment,UCLqrfVKcZQrFVjmAbC-z8rQ
Comedy,UCbfWcuV3SNZV4ywuOMhtJDQ
Entertainment,UCpRo_yIP97H_Jiz_DCBaFQA
Howto & Style,UCXqg3ufdZJQHe-k25UXsy6Q
Gaming,UC5NbB0bJGe-JsXGmli0P10w
Entertainment,UCmzwIHGPWtxd3SgNG9qlctg
Howto & Style,UC24WKCXwCdKOmdsq6o74b8A
Education,UCiiPuD2vUs_C-RRQEUN1Y0Q
Gaming,UCKSwl4FxIakt_cdKDzOGeag
Music,UCqwMD9d8T4TNeN5C6LZfCTw
Film and Animation,UCD0yxjHtXIASlnap_ZnF9DQ
Gaming,UCubrv3vn8jfHBfiS4r2GIXw
Music,UCFvGGI1t9R0UxDWVIHadjzg
People & Blogs,UC5LS-M1ZXxljOLw-t-95utA
People & Blogs,UCLW-gCi2bvUAskqQBpTIm2A
Gaming,UCKOVytBlD553Hpmv5YG7l9w
Film and Animation,UCkD-9tfURAMfqyf-8U5dSxw
Music,UC6YPMrS8eIDHGR1kM9bNm9g
Gaming,UC6X8oabBtIz-EcUoPsjskHA
Howto & Style,UCEHOdMXTK9hgETxibPtBhAg
Gaming,UCVSaEuqRIRkQS3ORDFmuNZg
Sports,UC8XIWE3P6T03q648iI4NYEw
Music,UCXOAIXBTK1odgaThiyJ9EPg
Howto & Style,UC_O-sTL2TjJwVPADovfzYQA
News & Politics,UCbokCiyLtui80jgbbu7AJkg
People & Blogs,UCbZ7UmC7qFvlGlN54t2zG0Q
Film and Animation,UCMBNTj0G84ipsjPzRkK3KDw
Music,UCMkBFD0YPtrcoB_tni5uOLQ
Entertainment,UCTKZOdQ8nvPXeWwP9Yno_Kw
Music,UCNPAA5KgY9GONQ4V8bNOPrA
Gaming,UCvh71UHktlNBv_59LThjLQA
Howto & Style,UC0iiPDABxXax-0CstSKHEhw
News & Politics,UCpHiA0taMn231yDiUeqoANw
People & Blogs,UC0VcpXqaW4m_JsHVGlOqb-w
People & Blogs,UC_fUHcg__TWnTZHgBVWp8PQ
Howto & Style,UCYLAf7WuBy6y64RewvwGjoQ
Gaming,UCOBD-TvsCNGKrdl-V0EJuhA
Gaming,UC9mBJdNZxwE-La5vX0Kozvg
Howto & Style,UCm6zvhnzpdMvjSVrlgHlVZA
Gaming,UCxnYiv7s4698GRIlGE1_T7g
Entertainment,UClVBDYBqOVUU9tINsFznqsA
Gaming,UCzV0ug5zE40z93pgB_gfHtA
Education,UCRX-j2QR4tEXnxPAOaProhg
Comedy,UC8GQua198Vm8MurO53Tuk-g
Howto & Style,UCw8oPQaO3lJB41wSqUZ3aVA
Music,UCQrLfLd8y0ncipsXkb_w_SQ
Howto & Style,UC4fMs2LQpcAE1KaNYPWUBHw
Entertainment,UCMq48tiiZl8VjczwSF4Yp-Q
Entertainment,UCmqLq-UXZYr2tZ5XadZR7UA
Music,UCr5xubfcrZYYBDEOJCdI13A
Entertainment,UC_1hJimmUs48LtqMAx6yETw
Music,UCk7RM6RitXpoRXIu6ixrQUQ
Gaming,UCG0RYLzpSiwnT8HtTPmHkRw
Entertainment,UCPhpS5L5sWaHV5AYhvpFXaQ
Howto & Style,UC7S9BSMxIaKMtZemGTqRBJg
Music,UCtfEAMLE4kLFvr96M_iMwLA
Film and Animation,UCtLu12vl5tYyPN_WN-Jd29w
Gaming,UCp0rOf37mWqFrE7wcp5XJCQ
People & Blogs,UCdgdKAxzTB0AzH2e-OS8kcg
Gaming,UCFarfo41ttZcCEGReiXuhdA
Comedy,UCyFjeoG9X83dVWHKqXCKwHg
Entertainment,UCQV-7R4qhAJXxdkrWNOglDQ
Howto & Style,UCwuDhB4uZZwE4LQtdgEQfjA
Entertainment,UC4T5_l4xPFU2dNxPO7geCoQ
Music,UCM4eZRLc2rB6upeAid0VBwg
Entertainment,UCvcUpu1cyS59QGtB2x5sHrA
Comedy,UCjGOhTp9qmQHtlW5DKQ15jg
Entertainment,UCp6F1mQGuaXiDj5otWBmIjg
Music,UCLkSvGnzioE0_1FKBVK7BtA
Entertainment,UCx2xTsk2RnLHU-a139MOcmA
Howto & Style,UC3K_FQUZp_8heTLcQuQk-KA
Music,UCozHz4_vcPCst-Fq472eRkQ
Music,UC9gx9GubfPD0gK8D32INA2w
News & Politics,UCZNH5qXDSNqg3Cea5EMroaw
Gaming,UCQVeMx4CtNgSJVgSmhMroIQ
People & Blogs,UCAo41QETLlwvJ-oqjmEPt8A
Entertainment,UCTsGL6oeAKi4lHIMfWwkcyA
Gaming,UCEV_IqhS56ekjQnGW2v0K-A
Entertainment,UChQxI-SzBQpZXJdSrE7F24w
Gaming,UCRwczJ_nk1t9IGHyHfHbXRQ
Gaming,UCtUDCxiAnP07uJ-tLiffVnQ
Gaming,UC2_IYqb1Tc_8Azh7rByedPA
Music,UCcGj8IiN72jgvehGseUeKLg
Music,UCb6JTMjrHZCYFD9Y04CBk9g
Education,UC5mq4Ywd0lPPQJnK_5gq-yA
Howto & Style,UCQQxbSSpf3zDUylrzL3-7ug
Music,UCxJE4iafiXcoMVrWcGZ4OAQ
Entertainment,UCbrN-4xqPJ1OGgJ26iCFOOA
Music,UC9vfe5YliRm6iohatW9BLyg
Howto & Style,UCLF42C7y73FKA8ye_5Nn-Kw
Entertainment,UC6EkU9ytxtY6AEk1U4jhWbg
Gaming,UCxKCUyM9mRMaiIAHw3B2cFQ
Education,UCQ93ptZdd0BEQe3o8hd0Few
Gaming,UCmteEZzq7A2qVtXPMeYhAHg
Science & Technology,UCTGBHncizmXKmgvwwLh8UlQ
Education,UC5JfnfGKV9LQsBKNm1L9EAw
Howto & Style,UCCskE3i0m9pma_PkWZ7ez6g
Gaming,UCXmYCIfAkOtMbG1YN-D7T5Q
Gaming,UCVMFDAVQJH2sxmc26PaV2sg
Gaming,UCkbf6XcPiKbK9motaSxbi7Q
Music,UC38aAjn1MJAApjSiYVdK50g
Music,UCMXDyVR2tclKWhbqNforSyA
Music,UCi6ot_hQURY84xgaSKrCx3w
Science & Technology,UCtZO3K2p8mqFwiKWb9k7fXA
Entertainment,UCNWeMwJMU_Fv7ci53RyhN2g
Film and Animation,UCwHsayFlhMQBCzMWc8BvWbw
Music,UCH0splG0gddnwvLNQGzWeTg
People & Blogs,UCbpKpm_9T0cKs5EK78A4pXA
Entertainment,UCOxZsnY8lnh5u9A6xEqbRwA
Entertainment,UCi7BsyeNmdfZa37Ep8kl2LQ
Nonprofits & Activism,UCdFzLvGttlTNLAEKWU_1wAQ
Howto & Style,UCtH645RlzSIsLWyLRDqWn5Q
Music,UCZ7368uifluuE3Xh-XrqlWQ
Entertainment,UCl8J8ntI5SJkwf4V32ap-4Q
Comedy,UCFN1GcJz2gqBW9dn9IEDQcw
Entertainment,UCYQyOtL6oMU8ScXA2mjYAYw
Entertainment,UCBsczXBx4PXjHzujuIq1kYg
Education,UC3AyrHG2JFJoeL87ECQkTBA
People & Blogs,UCAp8gTgixob2UIH14AqsUkQ
Sports,UCnkMTsKYqhHm6l6GQzg4szg
Howto & Style,UCOO6hOe_SxeQlGZynvuenMg
Entertainment,UC88--r3FklrnWjfzRy7LUIg
Music,UC5XWNylwy4efFufjMYqcglw
Music,UCjYtAg8OP-HmHhalaOgwLUg
Film and Animation,UCCEl_m26xPEzNbdDKP7FQmQ
Sports,UCsdB0XmFlvBIDyre3D7zyiw
Gaming,UCL7ESQzxINp5vPdV0yiclww
Education,UC87Lj67s_Ht40lvGhtF9iHA
Music,UCbOHUXtKm08A-nx3e6Xuixg
Film and Animation,UC2wtfuvVfxDtPtPf4m9x72Q
Pets & Animals,UCpQ19XqsjjekTABuZKBgRgQ
Comedy,UCwPTFXZ5d_Gv0DAMmMWQJIA
Howto & Style,UCI98x4j4xgldbxDUWCXw87w
Howto & Style,UC-hTi9atsD6wAl2s46LpAVw
People & Blogs,UCP40XiZlBHt4cTwGRvBNnRg
Film and Animation,UCUK1Fz1o94JA1wI6I7yLT2Q
People & Blogs,UCkKc_oQ1R5EybtaIKs-Q7_g
Gaming,UCmSfdtegCsyBe8qCnRu-ijw
People & Blogs,UC_iGE1Jbf-MA4K_yt7OspRw
Film and Animation,UCe9MACc3mfVIX2tpN1EZFZg
Music,UC6lbAFAnjMZvYK9vcIyHKfQ
Gaming,UCFrVj6wBM42y3XuKCAj8n5A
Film and Animation,UC8G8yztEDGkhqQBD-pZ0hcw
Music,UCJnit-cbjIZuEqDcJFLWvxQ
Gaming,UCLuQqm5mjCFoWNyBhL4G8Iw
Music,UCHrYTzwmDvMpsVXHkNjBQmA
Howto & Style,UCqSemashVFvvLwwFUbne9Qw
Entertainment,UC9NPYk07ZXmdbsDvUj1sCPw
Howto & Style,UCx4QDaFgUNjwVp66-Z0OaMA
Music,UCHINpD9tTZc6fq3wVFcU3ig
Entertainment,UC80dpFv46Dbp8zEwyS8vH7w
Music,UC-kzn5xgDaXXRi_pvcZ02rQ
Entertainment,UCgJFsdcAhxFM4C_SNDy-1cw
Science & Technology,UCrKGBW9MDpOMFQaQBuVFmTQ
Film and Animation,UCMmA0XxraDP7ZVbv4eY3Omg
People & Blogs,UCW5Ny1TAlRUTzCItPLzu81A
Entertainment,UCt5X7v-Tu5E9Zje9P0poZRA
Education,UCcvkRvee98FqqUmXN_dwOUw
Music,UCnEimkHmf_t2mrc8umoVxlQ
Entertainment,UCwbXPUMNQwUGCG_nCkAq3uA
Film and Animation,UCg6SS0wXEMfU1oU4-mc9lOA
Howto & Style,UCjAW4rLPSslVfbvxO-YyV9A
Science & Technology,UCUGEqj506ZvKIMo9DkY_2VA
Music,UCecrxw9xtxME6o5_mz4TtOA
People & Blogs,UC1YKc1TB0-bvWFXo8RqNJlQ
Gaming,UC_sA2Oh7kNq_5-eoZBrz3jQ
Gaming,UCIeaxRCoSLFLHvrCInghqcw
Entertainment,UC9oEzPGZiTE692KucAsTY1g
Entertainment,UCBMHjWEj0ekeGDdMWSqbkCg
Entertainment,UCfhkGjoF4I8y3nBX5wpF94Q
Entertainment,UC_kj5J9ET4JC97c8AwIZGTw
People & Blogs,UCx5C84aC_hlTiDXhZL5f2RA
Music,UCeiQcjB6GeqZF-8Wngj7yVQ
Education,UCg6K5h4qevdMayw08xnVn3w
Howto & Style,UClhQBYN17XW_lA4568Qtu3A
People & Blogs,UCdjMLP2Lq7T6ZlNJXKt8G5A
Film and Animation,UCAjbOf0b34zj_8gCicXdceA
People & Blogs,UCBg9H0t4OtALJpDbT3bpkKg
Howto & Style,UC8ouEGIBm1GNFabA_eoFbOQ
Music,UC1R9pYGGUZkC0rzBYAiFHgA
Music,UC1rGsGBqprfV2m8Czzo-eaw
Entertainment,UCPkVv6Uh5VtA3-MXQ3PZJrg
People & Blogs,UCIw6ubuwIKjKfq4bPLAw93g
People & Blogs,UCqhF09vIluTp0cRW-gD04Yg
Howto & Style,UCb2fKNBRtC06yz_NsUGbYgw
Film and Animation,UCw7aeTxfJ4aP8REx8SMZQxQ
Gaming,UCn_c8Eon88kdig-n0WDSrdg
Entertainment,UCY7iN9dA6FDnb2iu3of1TjA
Education,UC140PSrairHki1J_Prt2aCQ
Music,UCQ3XT3ITBrZZh4sNpdueORg
Gaming,UCHenyqxwKb2h1Kn1oZAg-xg
Sports,UCczsYSRGukY9LA7Fd_govMw
Film and Animation,UCgLNqNGwSg1F5BuWrfvmcFQ
Entertainment,UC5D93RXXy3EdHdK-lAMk-XQ
Science & Technology,UCqpOf_Nl5F4tjwlxOVS6h8A
Film and Animation,UCjRriXdfjMF81BBqNHmo1Jw
Howto & Style,UCmvBTVq4xM-oBhrPsZRaWQg
Music,UCsxLzkalqeK15X4DyywkagQ
Autos & Vehicles,UC6CB09S7BDcmplfZ_1j02qA
Music,UC-M5yIiA0bG-yn_4CzZqVRg
Education,UCzC3RiDjYiPI8moOjEq1qZg
Music,UCLWhjdcnGgn6E5WeG5Q7wvQ
Science & Technology,UCDMnCGlkv4gyFGZo_ZT3atg
Howto & Style,UCFydN_LFZnwtKU88PjQt6kA
Education,UCPa7bvOg_r54NaQb7GJA9Eg
Music,UCkeJqeBQOwpN3MsomDAKy1g
Education,UC3Nrsc-F2zgyX4sxZj_JKMw
Entertainment,UCGPYY29qBlLeXQMCK5qPLsA
Gaming,UCodK-9eXEm_hWSDDfLr4QzA
Gaming,UCZNTsLA6t6bRoj-5QRmqt_w
Music,UC5w58oJse0evWF-S1Ywli6w
Entertainment,UCTJgqXgKvH3ar1H1EJVC7uw
Education,UCE5dOdHmNYfFtLA-ov3ehbQ
Music,UCBlkpX--7ZD73URbSC1oWRw
People & Blogs,UCY-TNU5jYhB6E4zfKomi1wg
Autos & Vehicles,UCNqf6cy5TLNeBV5cF3yKY8A
Entertainment,UCEqjl1uPDRN5P8ewU8n2nvA
Science & Technology,UC_dRA4Gl7XHnXvpcP5T0Vww
Comedy,UCfcc8OORrouV1lO_qeIZVNQ
Music,UCMZOGB_BfTbUcJYO3oZNjEQ
Entertainment,UCk_wmXvLDO4wg7a_dxbjZAA
Music,UCV-z8APBalmSWNrre62xKxg
Gaming,UCQq6heiARaTWUwuheSciJ3g
Comedy,UCPurhawTc55AxEtMseJTIAA
Howto & Style,UCQ0rE-bxmi6Vl09ARe7qROw
Music,UCwIjCoyJ0DwJRvX4256Uigg
Howto & Style,UCPXhP-T9ROJ8luLezbGvvhQ
Gaming,UCRNCUBq676nUhXyy8AJzD5w
Entertainment,UC3dpCfpWEN24JW124ROyrVg
Music,UClh2CI968a1tE8pQ31pg_Ww
Howto & Style,UCWBTyvNhUXq0ofu6ta1EAaQ
People & Blogs,UCAkM_UgVD8EK4oJePdv36fQ
Entertainment,UCp20MC6wNYQZ3a9bP0xz-6A
Education,UCc_-hy0u9-oKlNdMKHBudcQ
Channel Trailer:,UCPM69g6gEGR7hd3hs2p89og
Science & Technology,UCiQMYozSSTkJ2twtZM1bG9w
Film and Animation,UC8tEQupqVEnrqWvlKMAlu1g
Gaming,UC4eazETNBaRuLwYrSYgMEig
Music,UC_1M1NIS2my4PC1LLfXokcw
Comedy,UCJcQeT8LADOXRROXCGM4dRg
Entertainment,UCfrSUhUYOUyZROqWZb-TphQ
Gaming,UCv2qkByYQkcEbgzXUiPMSqA
Entertainment,UCq6f9bBWaWTHl0FhH167RgA
Education,UCG1-22fo1sIhXGuXYpTRqaA
People & Blogs,UCr6Ojg6WA9Lk-ynphZE9gtg
Gaming,UCVGo3S_AANY-UQdJ6VLwGXw
Education,UCkoF2InqbcpBEdHC7KlnaLw
Howto & Style,UCEXKZLLQqc9XtxKaByvHRbw
Sports,UC7oiSNQLq7o-NpYP-SEY_NQ
Music,UC_jcTgf3k3DAIMMcABNXHbg
Sports,UCiVg6vRhuyjsWgHkDNOig6A
Music,UCWV0T66CSGlSIwHvS9pBR2w
Science & Technology,UCDOZDfbVGOrywV4n0WeaRAA
Music,UCP7Lfr29SgtN4DuakXJfg0g
Music,UCBIxZJ4uNSm-PyHTPVUrPYQ
Music,UCjdxyPMmtiBLrmsM2Ok-AUg
Entertainment,UCfm4weHljTJVoGIp6kPGXMA
Education,UCFVqzO9_qHVckKqNC95o9tw
Entertainment,UCePCERjCKO5XSQ-WssQiyVw
Education,UCyVXkBQX_gRa1GiPun9xMqA
Comedy,UCnJnnEztMhpBEZaVORLriFg
Music,UCgslJ2VwZHVxw-D095WQ3lQ
Music,UCzkY0h7rwQjAlNW1NIz4H4g
Gaming,UCgz0ObTz3EP2zqilHpv7Arw
Gaming,UCu9sYmfPNydPJFqLLTdmxvA
Education,UCK3hzV1GfZlV0nNYLtEW5dA
Music,UCJpJIA0raHS5Z5GgDhB87uA
Howto & Style,UCYEBugPmDBy26NszXNnttDg
Entertainment,UCiqN4UJRXcX785BuPzB2WqA
Music,UC9Pxq2RfQhCQ6kk-xyQdgyw
Howto & Style,UCm_dtqI5E0aAEy8eRhhHDXg
Autos & Vehicles,UCbCjgUZbcGlHvP-X_JBiD9w
Music,UC7n1xeSJy5AofYo4HZ9Vxww
Science & Technology,UCurGFKIKqW7Z7tD5oS3WHTA
Gaming,UC4piNF73UinkeqZJWrWWqlQ
Howto & Style,UCM5QNdoIefx6eumjPk8ZTMw
People & Blogs,UCBwNg2ZtfQAY4zvBbryDyAQ
Howto & Style,UCH7w3n2qKX2N6r3o671ksHQ
Entertainment,UCHroei2AlsJFFf24omE7PHQ
Entertainment,UCGqDrWg-EUC6_DdFm00Gkvw
Entertainment,UC0-E97OqBJQhsoio7U9eo5Q
Music,UCLCaaBvB5BdxC_kV_Kod7fg
Entertainment,UC2wrWOTZBV2eMGfbDONr1WA
Gaming,UCGLTvOqJOcbIwBtX0Rou2gw
Education,UCS09FES3TjCKWVWgwGOrMgw
Gaming,UChYCUXvjwL4D8SWeeWh_IDA
Music,UCS_ZvrrdEhaURjEku83Xy4g
People & Blogs,UCEJjmNf24-N1U9HXmr-2nYw
Comedy,UCY7p_KVoBpn6YEiVUnvF_lQ